Quantity,Name,Code,PurchasePrice,Foil,Condition,Language,PurchaseDate
1,"Abandoned Sarcophagus",HOU,0.0,0,0,0,27/9/2020
2,"Abundant Maw",EMN,0.0,0,0,0,31/8/2020
9,"Accorder's Shield",SOM,0.0,0,0,0,11/10/2020
9,"Aegis Automaton",AER,0.0,0,0,0,31/8/2020
1,"Aegis Automaton",AER,0.0,0,0,5,31/8/2020
2,"Aesthir Glider",ALL,0.0,0,0,0,31/8/2020
3,"Aesthir Glider",DOM,0.0,0,0,0,31/8/2020
1,"Aesthir Glider",ALL,0.0,0,0,0,27/9/2020
1,"Aether Spellbomb",MMA,0.0,0,1,4,4/1/2021
8,"Aether Spellbomb",MRD,0.0,0,0,0,11/10/2020
1,"Aether Spellbomb",MRD,0.0,0,0,4,11/10/2020
1,"Aetherflux Reservoir",KLD,0.0,0,0,4,28/9/2020
1,"Aethersphere Harvester",AER,0.0,0,0,0,11/10/2020
1,"Aladdin's Lamp",4ED,0.0,0,0,0,28/9/2020
1,"Aladdin's Lamp",3ED,0.0,0,0,4,28/9/2020
2,"Alchemist's Vial",ORI,0.0,0,0,4,11/10/2020
1,"Alhammarret's Archive",ORI,0.0,0,0,4,28/9/2020
1,"Alloy Myr",NPH,0.0,0,0,0,31/8/2020
8,"Alpha Myr",MRD,0.0,0,0,0,31/8/2020
1,"Alpha Myr",MRD,0.0,0,2,0,31/8/2020
1,"Altar of Dementia",MH1,0.0,0,0,0,27/9/2020
1,"Altar of Dementia",TMP,0.0,0,0,0,27/9/2020
1,"Altar of Dementia",TMP,0.0,0,0,3,27/9/2020
1,"Altar of Dementia",TMP,0.0,0,2,0,27/9/2020
1,"Altar of Dementia",CNS,0.0,0,0,0,27/9/2020
5,"Altar of the Brood",KTK,0.0,0,0,0,27/9/2020
4,"Altar of the Pantheon",THB,0.0,0,0,3,11/10/2020
1,"Amaranthine Wall",DOM,0.0,0,0,0,31/8/2020
1,"Amaranthine Wall",DOM,0.0,0,0,4,31/8/2020
2,"Amber Prison",MIR,0.0,0,0,0,31/1/2021
5,"Amulet of Kroog",4ED,0.0,0,0,0,11/10/2020
1,"Amulet of Safekeeping",M19,0.0,0,0,0,5/1/2021
1,"Amulet of Unmaking",MIR,0.0,0,0,0,28/9/2020
4,"Amulet of Vigor",WWK,0.0,0,0,0,27/9/2020
1,"Angel's Feather",DST,0.0,0,0,4,4/1/2021
1,"Angel's Feather",10E,0.0,0,0,0,4/10/2020
1,"Angel's Feather",10E,0.0,0,0,4,4/10/2020
2,"Angel's Tomb",ORI,0.0,0,0,4,4/10/2020
1,"Animation Module",KLD,0.0,0,0,0,27/9/2020
1,"Ankh of Mishra",6ED,0.0,0,0,0,27/9/2020
1,"Ankh of Mishra",3ED,0.0,0,0,0,27/9/2020
3,"Ankh of Mishra",4ED,0.0,0,0,0,27/9/2020
1,"Ankh of Mishra",4ED,0.0,1,0,4,27/9/2020
3,"Anodet Lurker",5DN,0.0,0,0,0,1/9/2020
1,"Anodet Lurker",5DN,0.0,0,0,4,4/1/2021
2,"Antler Skulkin",EVE,0.0,0,0,4,4/1/2021
4,"Anvil of Bogardan",VIS,0.0,0,0,0,27/9/2020
1,"Anvil of Bogardan",VIS,0.0,0,0,2,27/9/2020
1,"Anvilwrought Raptor",THS,0.0,0,0,4,31/8/2020
1,"Arachnoid",5DN,0.0,0,0,0,31/8/2020
3,"Arcane Encyclopedia",M19,0.0,0,0,0,4/1/2021
1,"Arcane Spyglass",DST,0.0,0,0,0,11/10/2020
3,"Arcane Spyglass",DST,0.0,0,0,4,11/10/2020
5,"Arcbound Bruiser",DST,0.0,0,0,4,4/1/2021
1,"Arcbound Bruiser",DST,0.0,0,1,4,1/9/2020
4,"Arcbound Crusher",DST,0.0,0,0,0,31/8/2020
2,"Arcbound Crusher",DST,0.0,0,0,4,31/8/2020
3,"Arcbound Fiend",DST,0.0,0,0,4,5/10/2020
1,"Arcbound Hybrid",DST,0.0,0,0,0,1/9/2020
4,"Arcbound Hybrid",DST,0.0,0,0,4,1/9/2020
1,"Arcbound Hybrid",DST,0.0,0,3,0,1/9/2020
1,"Arcbound Hybrid",DST,0.0,0,3,4,1/9/2020
2,"Arcbound Hybrid",DST,0.0,0,4,0,1/9/2020
1,"Arcbound Lancer",DST,0.0,0,0,0,31/8/2020
1,"Arcbound Lancer",DST,0.0,0,0,4,31/8/2020
1,"Arcbound Lancer",DST,0.0,0,1,4,31/8/2020
2,"Arcbound Reclaimer",DST,0.0,0,0,4,31/8/2020
1,"Arcbound Slith",DST,0.0,0,0,0,26/7/2020
3,"Arcbound Stinger",DST,0.0,0,0,0,31/8/2020
2,"Arcbound Stinger",DST,0.0,0,0,4,31/8/2020
1,"Arcbound Stinger",DST,0.0,0,3,0,4/1/2021
4,"Arcbound Worker",DST,0.0,0,0,0,31/8/2020
6,"Arcbound Worker",DST,0.0,0,0,4,31/8/2020
17,"Arcbound Worker",DST,0.0,1,0,0,31/8/2020
1,"Arcum's Sleigh",ICE,0.0,0,0,0,4/10/2020
1,"Arcum's Weathervane",ICE,0.0,0,0,4,12/10/2020
1,"Arcum's Whistle",ICE,0.0,0,0,0,4/10/2020
2,"Arena of the Ancients",CHR,0.0,0,0,0,27/9/2020
1,"Argentum Armor",SOM,0.0,0,0,0,11/10/2020
4,"Ark of Blight",SCG,0.0,0,0,0,4/10/2020
1,"Armillary Sphere",CON,0.0,0,0,4,4/1/2021
3,"Armory of Iroas",JOU,0.0,0,0,4,11/10/2020
2,"Artisan of Kozilek",MM2,0.0,0,0,0,31/8/2020
5,"Ashnod's Altar",CHR,0.0,0,0,0,5/10/2020
1,"Ashnod's Battle Gear",ATQ,0.0,0,0,3,4/10/2020
1,"Ashnod's Battle Gear",4ED,0.0,0,0,0,4/10/2020
1,"Ashnod's Battle Gear",4ED,0.0,0,0,5,4/10/2020
1,"Ashnod's Cylix",ALL,0.0,0,0,0,27/9/2020
3,"Ashnod's Transmogrant",CHR,0.0,0,0,0,11/10/2020
2,"Ashnod's Transmogrant",ATQ,0.0,0,0,4,11/10/2020
1,"Assembly-Worker",A25,0.0,0,0,0,31/8/2020
2,"Astrolabe",ALL,0.0,0,0,0,11/10/2020
3,"Astrolabe",ALL,0.0,0,0,0,11/10/2020
5,"Augmenting Automaton",AER,0.0,0,0,0,31/8/2020
8,"Auriok Replica",SOM,0.0,0,0,0,31/8/2020
2,"Auriok Siege Sled",DST,0.0,0,0,0,31/8/2020
3,"Auriok Siege Sled",DST,0.0,0,0,4,31/8/2020
1,"Avarice Totem",5DN,0.0,0,4,0,11/10/2020
1,"Azorius Cluestone",DGM,0.0,0,0,4,11/10/2020
1,"Azorius Cluestone",DGM,0.0,0,0,6,11/10/2020
1,"Azorius Cluestone",DGM,0.0,1,0,6,11/10/2020
4,"Azorius Locket",RNA,0.0,0,0,0,11/10/2020
1,"Banshee's Blade",MRD,0.0,0,0,0,11/10/2020
4,"Banshee's Blade",MRD,0.0,0,0,4,11/10/2020
2,"Barbed Battlegear",SOM,0.0,0,0,0,11/10/2020
6,"Barbed Sextant",ICE,0.0,0,0,0,11/10/2020
1,"Barl's Cage",DRK,0.0,0,0,0,31/1/2021
1,"Barl's Cage",5ED,0.0,0,0,0,5/1/2021
2,"Barricade Breaker",AER,0.0,0,0,0,31/8/2020
3,"Barricade Breaker",AER,0.0,0,0,4,31/8/2020
1,"Barrin's Codex",USG,0.0,0,0,0,5/1/2021
1,"Basalt Golem",MIR,0.0,0,0,0,31/1/2021
2,"Basalt Monolith",3ED,0.0,0,0,0,11/10/2020
4,"Basalt Monolith",3ED,0.0,1,0,4,4/10/2020
2,"Baton of Courage",5DN,0.0,0,0,0,11/10/2020
3,"Baton of Morale",ICE,0.0,0,0,0,4/10/2020
2,"Battered Golem",5DN,0.0,0,0,0,31/8/2020
4,"Battering Ram",4ED,0.0,0,0,0,31/8/2020
2,"Battering Ram",4ED,0.0,0,0,4,31/8/2020
1,"Belbe's Armor",NMS,0.0,0,0,0,4/10/2020
1,"Belbe's Armor",NMS,0.0,0,0,4,4/1/2021
4,"Black Mana Battery",LEG,0.0,0,0,4,28/9/2020
2,"Black Mana Battery",4ED,0.0,0,0,0,28/9/2020
1,"Black Vise",4ED,0.0,0,0,0,4/10/2020
2,"Black Vise",4ED,0.0,0,0,3,4/10/2020
2,"Black Vise",4ED,0.0,0,0,4,4/10/2020
2,"Black Vise",3ED,0.0,0,0,0,11/10/2020
1,"Black Vise",3ED,0.0,1,0,4,4/10/2020
11,"Bladed Pinions",SOM,0.0,0,0,0,11/10/2020
3,"Bladed Sentinel",MBS,0.0,0,0,0,1/9/2020
4,"Blasting Station",5DN,0.0,0,0,0,5/10/2020
1,"Blazethorn Scarecrow",SHM,0.0,0,0,4,4/1/2021
1,"Blight Sickle",SHM,0.0,1,0,4,4/1/2021
7,"Blinding Souleater",NPH,0.0,0,0,0,31/8/2020
1,"Blood Clock",SOK,0.0,0,0,0,28/9/2020
1,"Bloodletter Quill",RAV,0.0,0,0,4,27/9/2020
1,"Bloodtallow Candle",DOM,0.0,0,0,0,11/10/2020
1,"Bloodtallow Candle",DOM,0.0,0,0,4,11/10/2020
1,"Blue Mana Battery",LEG,0.0,0,0,4,28/9/2020
3,"Bomat Bazaar Barge",KLD,0.0,0,0,4,11/10/2020
4,"Bonded Construct",ORI,0.0,0,0,4,31/8/2020
4,"Bone Flute",DRK,0.0,0,0,4,4/10/2020
1,"Bone Saw",CON,0.0,0,0,0,4/1/2021
7,"Bonesplitter",MRD,0.0,0,0,0,11/10/2020
1,"Bonesplitter",MRD,0.0,0,0,4,4/1/2021
1,"Bonesplitter",MRD,0.0,0,3,0,11/10/2020
2,"Bontu's Monument",AKH,0.0,0,0,0,4/10/2020
1,"Bontu's Monument",AKH,0.0,0,0,4,4/10/2020
4,"Booby Trap",TMP,0.0,0,0,0,28/9/2020
3,"Book of Rass",DRK,0.0,0,0,4,28/9/2020
1,"Boros Cluestone",DGM,0.0,0,0,6,11/10/2020
4,"Boros Locket",GRN,0.0,0,0,0,11/10/2020
1,"Boros Locket",GRN,0.0,0,0,4,11/10/2020
1,"Boros Signet",HOP,0.0,0,0,0,4/1/2021
8,"Bottle Gnomes",MRD,0.0,0,0,0,31/8/2020
8,"Bottle Gnomes",MRD,0.0,0,0,4,31/8/2020
1,"Bottle Gnomes",TMP,0.0,0,0,0,31/8/2020
4,"Bottle Gnomes",TMP,0.0,1,0,0,31/8/2020
1,"Bottle Gnomes",9ED,0.0,0,0,4,31/8/2020
1,"Bottle of Suleiman",4ED,0.0,0,0,3,28/9/2020
4,"Brass Man",3ED,0.0,0,0,0,31/8/2020
1,"Brass Man",4ED,0.0,0,0,0,31/8/2020
2,"Brass Man",ARN,0.0,0,0,4,26/7/2020
5,"Brass Squire",MBS,0.0,0,0,0,31/8/2020
2,"Brawler's Plate",ORI,0.0,0,0,4,11/10/2020
1,"Briber's Purse",KTK,0.0,0,0,4,28/9/2020
1,"Brittle Effigy",M11,0.0,0,0,0,27/9/2020
1,"Bronze Horse",CHR,0.0,0,0,0,26/7/2020
9,"Bronze Sable",M15,0.0,0,0,4,31/8/2020
4,"Bronze Sable",THS,0.0,0,0,4,31/8/2020
1,"Bronze Tablet",4ED,0.0,0,0,0,28/9/2020
1,"Bubble Matrix",WTH,0.0,0,0,0,28/9/2020
1,"Bubbling Cauldron",IMA,0.0,0,0,0,12/10/2020
1,"Bullwhip",STH,0.0,0,0,0,5/10/2020
1,"Butcher's Cleaver",ISD,0.0,0,0,4,11/10/2020
2,"Captain's Claws",OGW,0.0,0,0,0,11/10/2020
3,"Catalyst Stone",ODY,0.0,0,0,0,27/9/2020
2,"Cathedral Membrane",NPH,0.0,0,0,0,26/7/2020
2,"Cathodion",MRD,0.0,0,0,0,31/8/2020
2,"Cathodion",MRD,0.0,0,0,4,31/8/2020
1,"Celestial Prism",4ED,0.0,0,0,0,4/10/2020
6,"Celestial Prism",3ED,0.0,0,0,0,31/1/2021
1,"Celestial Prism",3ED,0.0,1,0,4,4/1/2021
1,"Celestial Sword",ICE,0.0,0,0,0,28/9/2020
1,"Cellar Door",ISD,0.0,0,0,0,4/1/2021
2,"Chalice of Life",DKA,0.0,0,0,0,5/10/2020
1,"Chalice of the Void",MRD,0.0,0,0,0,27/9/2020
1,"Chalice of the Void",MRD,0.0,0,0,5,27/9/2020
1,"Chamber Sentry",GRN,0.0,0,0,0,26/7/2020
3,"Chaos Wand",M19,0.0,0,0,0,5/1/2021
2,"Chariot of Victory",JOU,0.0,0,0,4,11/10/2020
1,"Chariot of the Sun",MIR,0.0,0,0,0,4/10/2020
1,"Charmed Pendant",ODY,0.0,0,0,3,28/9/2020
3,"Chief of the Foundry",KLD,0.0,0,0,4,31/8/2020
1,"Chimeric Coils",5DN,0.0,0,0,0,4/1/2021
2,"Chimeric Egg",DST,0.0,0,0,0,4/10/2020
5,"Chimeric Idol",PCY,0.0,0,0,0,31/1/2021
1,"Chimeric Mass",SOM,0.0,0,0,0,27/9/2020
1,"Chromatic Lantern",RTR,0.0,0,0,0,27/9/2020
2,"Chromatic Lantern",GRN,0.0,0,0,0,27/9/2020
10,"Chromatic Sphere",INV,0.0,0,0,0,4/10/2020
5,"Chromatic Sphere",MRD,0.0,0,0,0,12/10/2020
1,"Chromatic Star",TSP,0.0,0,0,0,4/1/2021
2,"Chrome Mox",MRD,0.0,0,0,0,12/9/2020
2,"Chrome Mox",MRD,0.0,0,0,3,12/9/2020
11,"Chrome Steed",SOM,0.0,0,0,0,1/9/2020
1,"Chronatog Totem",TSP,0.0,0,0,0,4/10/2020
1,"Chronomaton",M13,0.0,0,0,0,26/7/2020
5,"Claws of Gix",TSB,0.0,0,0,0,31/1/2021
1,"Clay Statue",5ED,0.0,0,0,4,1/9/2020
1,"Clay Statue",5ED,0.0,0,0,5,1/9/2020
2,"Clay Statue",ATQ,0.0,0,0,4,1/9/2020
1,"Clay Statue",ATQ,0.0,0,0,5,1/9/2020
6,"Clay Statue",4ED,0.0,0,0,0,1/9/2020
1,"Clay Statue",4ED,0.0,0,0,1,1/9/2020
1,"Clay Statue",4ED,0.0,0,0,5,1/9/2020
1,"Cloak and Dagger",MOR,0.0,0,0,4,4/1/2021
1,"Clock of Omens",5DN,0.0,0,0,4,4/1/2021
6,"Clockwork Beetle",MRD,0.0,0,0,0,31/8/2020
1,"Clockwork Beetle",MRD,0.0,0,0,4,4/1/2021
9,"Clockwork Condor",MRD,0.0,0,0,0,4/1/2021
1,"Clockwork Steed",HML,0.0,0,0,0,27/9/2020
1,"Clockwork Swarm",HML,0.0,0,0,0,4/1/2021
4,"Clockwork Vorrac",MRD,0.0,0,0,0,12/10/2020
4,"Clone Shell",SOM,0.0,0,0,0,31/8/2020
1,"Cloudstone Curio",RAV,0.0,0,0,4,27/9/2020
3,"Coal Golem",DRK,0.0,0,0,4,31/8/2020
1,"Coat of Arms",EXO,0.0,0,0,0,28/9/2020
1,"Coat of Arms",EXO,0.0,0,0,3,28/9/2020
10,"Cobalt Golem",MRD,0.0,0,0,0,1/9/2020
2,"Cobalt Golem",MRD,0.0,0,0,4,4/1/2021
3,"Cobbled Wings",XLN,0.0,0,0,0,11/10/2020
2,"Cobbled Wings",XLN,0.0,0,0,4,4/1/2021
4,"Cogwork Assembler",AER,0.0,0,0,0,31/8/2020
1,"Cogwork Assembler",AER,0.0,0,0,4,31/8/2020
1,"Cogworker's Puzzleknot",KLD,0.0,0,0,4,11/10/2020
1,"Coiled Tinviper",TMP,0.0,0,0,5,31/8/2020
1,"Cold Storage",TMP,0.0,0,0,0,28/9/2020
1,"Coldsteel Heart",CSP,0.0,0,0,4,4/10/2020
2,"Colossus of Akros",THS,0.0,0,0,0,26/7/2020
1,"Colossus of Sardia",4ED,0.0,0,0,3,26/7/2020
1,"Composite Golem",5DN,0.0,0,0,4,31/8/2020
1,"Conduit of Ruin",BFZ,0.0,0,0,4,26/7/2020
1,"Conduit of Ruin",BFZ,0.0,0,0,6,26/7/2020
4,"Conjurer's Bauble",5DN,0.0,0,0,0,11/10/2020
1,"Conqueror's Galleon",XLN,0.0,0,0,0,11/10/2020
1,"Conservator",3ED,0.0,1,0,4,5/10/2020
1,"Conservator",4ED,0.0,0,0,0,5/10/2020
7,"Consulate Dreadnought",AER,0.0,0,0,0,11/10/2020
2,"Consulate Dreadnought",AER,0.0,0,0,4,11/10/2020
5,"Consulate Turret",AER,0.0,0,0,0,11/10/2020
2,"Consulate Turret",AER,0.0,0,0,5,11/10/2020
1,"Conversion Chamber",NPH,0.0,0,0,0,4/10/2020
13,"Copper Carapace",MBS,0.0,0,0,0,11/10/2020
2,"Copper Gnomes",USG,0.0,0,0,0,27/9/2020
10,"Copper Myr",MRD,0.0,0,0,0,31/8/2020
1,"Copper Myr",MRD,0.0,0,2,0,4/1/2021
2,"Copper Myr",SOM,0.0,0,0,0,31/8/2020
1,"Copper Tablet",2ED,0.0,0,0,0,4/10/2020
1,"Coral Helm",4ED,0.0,0,0,0,27/9/2020
3,"Coretapper",DST,0.0,0,0,4,26/7/2020
18,"Corpse Cur",SOM,0.0,0,0,0,1/9/2020
1,"Corpse Cur",SOM,0.0,0,1,0,1/9/2020
2,"Crackdown Construct",AER,0.0,0,0,0,31/8/2020
5,"Crackdown Construct",AER,0.0,0,0,4,31/8/2020
1,"Crawlspace",C13,0.0,0,0,0,27/9/2020
2,"Crook of Condemnation",HOU,0.0,0,0,0,4/10/2020
1,"Crown of the Ages",5ED,0.0,0,0,0,27/9/2020
2,"Crucible of Worlds",10E,0.0,0,0,0,27/9/2020
1,"Crucible of Worlds",10E,0.0,0,0,4,27/9/2020
3,"Crumbling Sanctuary",MMQ,0.0,0,0,0,5/1/2021
1,"Crumbling Sanctuary",MMQ,0.0,1,0,0,28/9/2020
1,"Cryptic Gateway",ONS,0.0,0,0,0,28/9/2020
1,"Cryptolith Fragment",EMN,0.0,0,0,0,31/8/2020
1,"Cryptolith Fragment",EMN,0.0,0,0,4,4/10/2020
1,"Crystal Ball",M11,0.0,0,0,4,4/10/2020
1,"Crystal Chimes",USG,0.0,0,0,0,4/10/2020
3,"Crystal Golem",MIR,0.0,0,0,0,31/1/2021
4,"Crystal Rod",3ED,0.0,0,0,0,31/1/2021
3,"Crystal Rod",3ED,0.0,1,0,4,28/9/2020
2,"Crystal Rod",4ED,0.0,0,0,0,28/9/2020
1,"Crystal Rod",4ED,0.0,0,0,4,28/9/2020
2,"Crystal Shard",MRD,0.0,0,0,4,4/10/2020
2,"Culling Dais",SOM,0.0,0,0,0,4/10/2020
4,"Cultist's Staff",EMN,0.0,0,0,4,11/10/2020
1,"Cursed Rack",ATQ,0.0,0,0,3,5/10/2020
1,"Cursed Rack",4ED,0.0,0,0,0,5/10/2020
3,"Cursed Rack",4ED,0.0,1,0,5,5/10/2020
5,"Cursed Scroll",TMP,0.0,0,0,0,27/9/2020
2,"Cursed Scroll",TMP,0.0,0,1,0,27/9/2020
3,"Cursed Scroll",TMP,0.0,0,2,0,27/9/2020
11,"Cursed Scroll",TMP,0.0,1,0,0,27/9/2020
1,"Cursed Totem",6ED,0.0,0,0,0,27/9/2020
1,"Cursed Totem",MIR,0.0,0,0,1,12/10/2020
1,"Cyclopean Snare",RAV,0.0,0,0,4,4/10/2020
3,"Dagger of the Worthy",HOU,0.0,0,0,0,11/10/2020
3,"Dagger of the Worthy",HOU,0.0,0,0,4,11/10/2020
2,"Damping Engine",ULG,0.0,0,0,0,5/1/2021
1,"Damping Sphere",DOM,0.0,0,0,0,27/9/2020
1,"Dancing Scimitar",4ED,0.0,0,0,0,31/8/2020
1,"Daredevil Dragster",AER,0.0,0,0,0,11/10/2020
3,"Daredevil Dragster",AER,0.0,0,0,4,11/10/2020
3,"Dark Sphere",DRK,0.0,0,0,4,28/9/2020
2,"Darksteel Axe",SOM,0.0,0,0,0,11/10/2020
1,"Darksteel Axe",IMA,0.0,0,0,0,11/10/2020
2,"Darksteel Brute",DST,0.0,0,0,0,4/10/2020
2,"Darksteel Brute",DST,0.0,0,0,4,4/10/2020
1,"Darksteel Forge",HOP,0.0,0,0,0,28/9/2020
2,"Darksteel Gargoyle",DST,0.0,0,0,0,31/8/2020
8,"Darksteel Ingot",DST,0.0,0,0,0,11/10/2020
1,"Darksteel Ingot",DST,0.0,0,0,4,11/10/2020
2,"Darksteel Myr",SOM,0.0,0,0,0,31/8/2020
5,"Darksteel Pendant",DST,0.0,0,0,0,11/10/2020
1,"Darksteel Pendant",DST,0.0,0,0,4,4/1/2021
1,"Darksteel Reactor",DST,0.0,0,0,0,28/9/2020
2,"Darksteel Relic",NPH,0.0,0,0,0,28/9/2020
4,"Darkwater Egg",ODY,0.0,0,0,0,31/1/2021
1,"Darkwater Egg",ODY,0.0,0,0,7,4/10/2020
1,"Dead-Iron Sledge",MRD,0.0,0,0,0,11/10/2020
1,"Dead-Iron Sledge",MRD,0.0,0,0,4,11/10/2020
1,"Death-Mask Duplicant",DST,0.0,0,0,0,31/8/2020
2,"Death-Mask Duplicant",DST,0.0,0,0,4,31/8/2020
3,"Deceiver of Form",OGW,0.0,0,0,0,26/7/2020
1,"Decoction Module",KLD,0.0,0,0,4,4/10/2020
3,"Defense Grid",ULG,0.0,0,0,0,4/10/2020
3,"Delif's Cone",FEM,0.0,0,0,0,11/10/2020
3,"Demolition Stomper",KLD,0.0,0,0,4,11/10/2020
2,"Demon's Horn",DST,0.0,0,0,0,4/10/2020
1,"Demon's Horn",DST,0.0,0,0,4,4/10/2020
2,"Demon's Horn",9ED,0.0,0,0,4,4/10/2020
1,"Demonmail Hauberk",ISD,0.0,0,0,4,11/10/2020
1,"Desecrated Tomb",M19,0.0,0,0,0,5/1/2021
5,"Despotic Scepter",ICE,0.0,0,0,0,27/9/2020
2,"Diabolic Machine",DRK,0.0,0,0,3,31/8/2020
6,"Diabolic Machine",DRK,0.0,0,0,4,31/8/2020
1,"Diabolic Machine",4ED,0.0,0,0,0,31/8/2020
1,"Diabolic Machine",4ED,0.0,0,0,5,31/8/2020
1,"Diamond Kaleidoscope",VIS,0.0,0,0,0,28/9/2020
1,"Diamond Knight",M20,0.0,0,0,0,31/8/2020
2,"Diamond Mare",M19,0.0,0,0,0,26/7/2020
1,"Dimir Cluestone",DGM,0.0,0,0,6,11/10/2020
1,"Dimir Keyrune",GTC,0.0,0,0,0,4/10/2020
4,"Dimir Locket",GRN,0.0,0,0,0,11/10/2020
5,"Dingus Egg",3ED,0.0,0,0,0,28/9/2020
2,"Dingus Egg",4ED,0.0,0,0,0,28/9/2020
1,"Dingus Staff",WTH,0.0,0,0,0,5/10/2020
1,"Disrupting Scepter",3ED,0.0,1,0,3,27/9/2020
2,"Disrupting Scepter",4ED,0.0,0,0,0,27/9/2020
1,"Disrupting Scepter",4ED,0.0,0,0,5,27/9/2020
2,"Disrupting Scepter",5ED,0.0,0,0,0,27/9/2020
1,"Dodecapod",TSB,0.0,0,0,0,31/1/2021
1,"Doubling Cube",10E,0.0,0,0,4,27/9/2020
1,"Dragon Arch",APC,0.0,0,0,3,5/10/2020
1,"Dragon Blood",MRD,0.0,0,0,0,5/10/2020
4,"Dragon Blood",USG,0.0,0,0,0,4/1/2021
2,"Dragon Blood",USG,0.0,0,1,0,4/1/2021
1,"Dragon Engine",ATQ,0.0,0,0,3,26/7/2020
1,"Dragon Engine",4ED,0.0,0,0,0,26/7/2020
1,"Dragon Mask",VIS,0.0,0,0,0,4/10/2020
1,"Dragon's Claw",DST,0.0,0,0,0,4/10/2020
1,"Dragon's Claw",DST,0.0,0,0,4,4/10/2020
1,"Dragon's Hoard",M19,0.0,0,0,0,5/1/2021
4,"Dragonloft Idol",IMA,0.0,0,0,0,31/8/2020
2,"Drill-Skimmer",DST,0.0,0,0,0,1/9/2020
1,"Drill-Skimmer",DST,0.0,0,0,4,4/1/2021
1,"Drill-Skimmer",DST,0.0,0,4,0,4/1/2021
5,"Dross Golem",DST,0.0,0,0,0,1/9/2020
5,"Dross Golem",DST,0.0,0,0,4,1/9/2020
7,"Dross Ripper",MBS,0.0,0,0,0,1/9/2020
9,"Dross Scorpion",MRD,0.0,0,0,0,1/9/2020
2,"Dross Scorpion",MRD,0.0,0,0,4,1/9/2020
1,"Drownyard Behemoth",EMN,0.0,0,0,0,31/8/2020
3,"Drownyard Behemoth",EMN,0.0,0,0,4,31/8/2020
1,"Dusk Legion Dreadnought",XLN,0.0,0,0,0,11/10/2020
1,"Dusk Legion Dreadnought",XLN,0.0,0,0,4,11/10/2020
1,"Duskworker",MRD,0.0,0,0,0,31/8/2020
3,"Duskworker",MRD,0.0,0,0,4,31/8/2020
4,"Ebony Horse",3ED,0.0,0,0,0,27/9/2020
1,"Ebony Horse",3ED,0.0,1,0,4,27/9/2020
2,"Echo Chamber",TMP,0.0,0,0,0,28/9/2020
3,"Echo Circlet",SOM,0.0,0,0,0,11/10/2020
1,"Elaborate Firecannon",XLN,0.0,0,0,0,4/10/2020
1,"Elder Deep-Fiend",EMN,0.0,0,0,0,26/7/2020
2,"Electrostatic Pummeler",KLD,0.0,0,0,0,26/7/2020
7,"Elf Replica",MRD,0.0,0,0,0,31/8/2020
1,"Elf Replica",MRD,0.0,0,2,4,31/8/2020
4,"Elixir of Immortality",M14,0.0,0,0,0,28/9/2020
2,"Elixir of Immortality",M11,0.0,0,0,0,28/9/2020
2,"Elixir of Vitality",MIR,0.0,0,0,0,31/1/2021
1,"Embalmer's Tools",AKH,0.0,0,0,0,4/10/2020
1,"Embalmer's Tools",AKH,0.0,0,0,4,4/10/2020
1,"Embalmer's Tools",AKH,0.0,1,0,0,4/10/2020
2,"Emblazoned Golem",APC,0.0,0,0,4,26/7/2020
3,"Emerald Medallion",TMP,0.0,0,0,0,5/1/2021
1,"Emerald Medallion",TMP,0.0,0,1,3,28/9/2020
2,"Energizer",TMP,0.0,0,0,0,27/9/2020
2,"Energy Chamber",5DN,0.0,0,0,4,4/10/2020
3,"Ensnaring Bridge",STH,0.0,0,0,0,27/9/2020
1,"Ensnaring Bridge",STH,0.0,0,0,1,27/9/2020
1,"Ensouled Scimitar",5DN,0.0,0,0,6,11/10/2020
1,"Epochrasite",FUT,0.0,0,0,0,26/7/2020
2,"Erratic Portal",EXO,0.0,0,0,0,28/9/2020
1,"Essence Bottle",TMP,0.0,0,0,0,4/10/2020
2,"Etched Oracle",5DN,0.0,0,0,0,31/8/2020
1,"Etched Oracle",5DN,0.0,0,0,4,31/8/2020
1,"Excavator",TMP,0.0,0,0,0,4/10/2020
1,"Executioner's Hood",DKA,0.0,0,0,4,4/1/2021
1,"Explorer's Scope",DDP,0.0,0,0,4,4/1/2021
3,"Explosive Apparatus",M19,0.0,0,0,0,4/1/2021
1,"Fang Skulkin",EVE,0.0,0,0,4,4/1/2021
1,"Farsight Mask",MRD,0.0,0,0,0,5/10/2020
2,"Feldon's Cane",5ED,0.0,0,0,0,4/10/2020
1,"Feldon's Cane",5ED,0.0,0,0,3,4/10/2020
1,"Feldon's Cane",TSB,0.0,0,0,0,31/1/2021
4,"Feldon's Cane",CHR,0.0,0,0,0,4/10/2020
1,"Fellwar Stone",DRK,0.0,0,0,2,4/10/2020
1,"Fellwar Stone",DRK,0.0,0,0,3,4/10/2020
2,"Fellwar Stone",C16,0.0,0,0,0,4/10/2020
1,"Fellwar Stone",5ED,0.0,0,0,0,4/1/2021
1,"Fellwar Stone",4ED,0.0,0,0,0,4/10/2020
1,"Fellwar Stone",4ED,0.0,0,0,2,4/10/2020
1,"Fellwar Stone",4ED,0.0,0,0,4,4/10/2020
2,"Ferropede",5DN,0.0,0,0,0,31/8/2020
4,"Field Creeper",EMN,0.0,0,0,4,31/8/2020
2,"Field Creeper",M19,0.0,0,0,0,4/1/2021
8,"Filigree Crawler",AER,0.0,0,0,0,1/9/2020
1,"Filigree Crawler",AER,0.0,0,0,5,1/9/2020
2,"Filigree Familiar",GNT,0.0,0,0,0,31/8/2020
6,"Filigree Familiar",KLD,0.0,0,0,4,31/8/2020
3,"Fire Diamond",MIR,0.0,0,0,0,4/1/2021
12,"Fire Diamond",6ED,0.0,1,0,0,4/10/2020
2,"Fireshrieker",MRD,0.0,0,0,0,4/1/2021
2,"Fireshrieker",MRD,0.0,0,0,4,11/10/2020
1,"Flamecast Wheel",THS,0.0,0,0,4,28/9/2020
15,"Flayer Husk",MBS,0.0,0,0,0,11/10/2020
2,"Fleetfeather Sandals",THS,0.0,0,0,4,11/10/2020
4,"Fleetwheel Cruiser",KLD,0.0,0,0,0,11/10/2020
6,"Flight Spellbomb",SOM,0.0,0,0,0,11/10/2020
1,"Floodwater Dam",ALL,0.0,0,0,5,27/9/2020
1,"Flowstone Armor",NMS,0.0,0,0,0,4/10/2020
2,"Flowstone Sculpture",TMP,0.0,0,0,0,27/9/2020
5,"Fluctuator",USG,0.0,0,0,0,27/9/2020
1,"Flying Carpet",4ED,0.0,0,0,3,28/9/2020
1,"Fodder Cannon",8ED,0.0,0,0,0,4/1/2021
4,"Fodder Cannon",8ED,0.0,0,0,4,5/10/2020
1,"Fool's Tome",TMP,0.0,0,0,0,28/9/2020
5,"Foriysian Totem",TSP,0.0,0,0,0,4/10/2020
1,"Foriysian Totem",TSP,0.0,0,1,4,4/10/2020
7,"Foundry Assembler",AER,0.0,0,0,0,1/9/2020
3,"Fountain of Renewal",M19,0.0,0,0,0,4/1/2021
2,"Fountain of Youth",CHR,0.0,0,0,0,28/9/2020
1,"Fountain of Youth",DRK,0.0,0,0,0,28/9/2020
1,"Fountain of Youth",DRK,0.0,0,0,4,28/9/2020
5,"Frogmite",MRD,0.0,0,0,0,31/8/2020
5,"Frogmite",MRD,0.0,0,0,4,31/8/2020
1,"Frogmite",MRD,0.0,0,3,4,31/8/2020
9,"Frogmite",MRD,0.0,1,0,0,31/8/2020
1,"Fyndhorn Bow",ICE,0.0,0,0,0,4/10/2020
1,"Galvanic Juggernaut",CNS,0.0,0,0,0,31/8/2020
9,"Galvanic Key",MRD,0.0,0,0,0,11/10/2020
1,"Galvanic Key",MRD,0.0,0,0,4,11/10/2020
1,"Gargoyle Sentinel",M15,0.0,0,0,4,31/8/2020
2,"Gargoyle Sentinel",M19,0.0,0,0,0,31/8/2020
1,"Gate Colossus",RNA,0.0,0,0,0,31/8/2020
2,"Gate to the Afterlife",AKH,0.0,0,0,0,4/10/2020
3,"Gate to the Afterlife",AKH,0.0,0,0,4,4/10/2020
1,"Gatekeeper Gargoyle",GRN,0.0,0,0,0,31/8/2020
1,"Gauntlet of Might",2ED,0.0,1,0,0,28/9/2020
1,"Gauntlet of Power",TSP,0.0,0,0,4,28/9/2020
3,"Gearsmith Guardian",M19,0.0,0,0,0,4/1/2021
1,"Gearsmith Guardian",M19,0.0,0,0,4,1/9/2020
5,"Geist-Fueled Scarecrow",EMN,0.0,0,0,0,31/8/2020
4,"Geist-Fueled Scarecrow",EMN,0.0,0,0,4,31/8/2020
1,"Gem of Becoming",M13,0.0,0,0,4,4/10/2020
1,"Gemini Engine",DST,0.0,0,0,4,26/7/2020
1,"General's Regalia",MMQ,0.0,0,0,0,27/9/2020
1,"Geth's Grimoire",DST,0.0,0,0,0,5/10/2020
2,"Geth's Grimoire",DST,0.0,0,0,4,5/10/2020
1,"Giant Fan",UGL,0.0,0,0,0,31/1/2021
1,"Gilded Lotus",MRD,0.0,0,0,0,28/9/2020
1,"Gilded Lotus",M13,0.0,0,0,0,28/9/2020
1,"Gilded Lotus",M13,0.0,1,0,0,28/9/2020
3,"Gilded Lotus",DOM,0.0,0,0,0,28/9/2020
2,"Gilded Sentinel",XLN,0.0,0,0,0,1/9/2020
2,"Glaive of the Guildpact",GRN,0.0,0,0,0,11/10/2020
1,"Glaive of the Guildpact",GRN,0.0,0,0,4,11/10/2020
1,"Glass of the Guildpact",RNA,0.0,0,0,0,27/9/2020
2,"Gleaming Barrier",RIX,0.0,0,0,0,31/8/2020
2,"Glint Hawk",SOM,0.0,0,0,0,11/10/2020
1,"Goblin Cannon",5DN,0.0,0,0,0,5/1/2021
2,"Goblin Cannon",5DN,0.0,0,0,4,5/10/2020
4,"Goblin Charbelcher",MRD,0.0,0,0,0,5/1/2021
1,"Goblin Dirigible",MRD,0.0,0,0,0,31/8/2020
1,"Goblin Dirigible",MRD,0.0,0,0,4,31/8/2020
8,"Goblin Replica",MRD,0.0,0,0,0,31/8/2020
1,"Goblin Replica",MRD,0.0,0,0,4,31/8/2020
1,"Goblin Replica",MRD,0.0,1,0,4,31/8/2020
8,"Goblin War Wagon",MRD,0.0,0,0,0,1/9/2020
1,"Goblin War Wagon",MRD,0.0,0,0,4,1/9/2020
1,"Goblin War Wagon",MRD,0.0,0,2,0,1/9/2020
1,"God-Pharaoh's Gift",HOU,0.0,0,0,0,28/9/2020
6,"Gold Myr",MRD,0.0,0,0,0,31/8/2020
1,"Gold Myr",SOM,0.0,0,0,0,31/8/2020
1,"Gold-Forged Sentinel",ORI,0.0,0,0,4,31/8/2020
1,"Gold-Forged Sentinel",JOU,0.0,0,0,4,31/8/2020
10,"Golden Urn",SOM,0.0,0,0,0,11/10/2020
13,"Golem Artisan",SOM,0.0,0,0,0,31/8/2020
11,"Golem Foundry",SOM,0.0,0,0,0,11/10/2020
8,"Golem's Heart",SOM,0.0,0,0,0,4/10/2020
3,"Golem-Skin Gauntlets",MRD,0.0,0,0,0,11/10/2020
1,"Golem-Skin Gauntlets",MRD,0.0,0,0,4,11/10/2020
1,"Golem-Skin Gauntlets",MRD,0.0,0,1,0,11/10/2020
3,"Golgari Locket",GRN,0.0,0,0,0,11/10/2020
1,"Gonti's Aether Heart",AER,0.0,0,0,0,28/9/2020
1,"Grafted Exoskeleton",SOM,0.0,0,0,4,4/1/2021
1,"Grafted Skullcap",USG,0.0,0,0,4,5/1/2021
1,"Grafted Wargear",5DN,0.0,0,0,0,11/10/2020
1,"Grafted Wargear",5DN,0.0,0,0,4,11/10/2020
2,"Granite Shard",MRD,0.0,0,0,0,4/10/2020
10,"Grapeshot Catapult",4ED,0.0,0,0,0,1/9/2020
3,"Grapeshot Catapult",4ED,0.0,0,0,4,1/9/2020
1,"Grapeshot Catapult",ATQ,0.0,0,0,4,1/9/2020
2,"Graven Abomination",HOU,0.0,0,0,0,31/8/2020
1,"Graveyard Shovel",ISD,0.0,0,0,0,4/1/2021
1,"Greatsword",M12,0.0,0,0,4,11/10/2020
2,"Green Mana Battery",LEG,0.0,0,0,4,28/9/2020
7,"Gremlin Mine",NPH,0.0,0,0,0,11/10/2020
4,"Grim Monolith",ULG,0.0,1,0,0,27/9/2020
10,"Grinding Station",5DN,0.0,0,0,0,4/10/2020
2,"Grinding Station",5DN,0.0,0,0,4,4/10/2020
1,"Grinding Station",5DN,0.0,1,0,3,4/10/2020
4,"Grindstone",TMP,0.0,0,0,0,27/9/2020
1,"Grindstone",TMP,0.0,0,0,5,27/9/2020
3,"Grinning Totem",TSB,0.0,0,0,0,27/9/2020
1,"Grinning Totem",MIR,0.0,0,0,0,31/1/2021
2,"Gruul Cluestone",DGM,0.0,0,0,4,11/10/2020
1,"Gruul Keyrune",GTC,0.0,0,0,0,4/10/2020
4,"Gruul Locket",RNA,0.0,0,0,0,11/10/2020
1,"Gruul Signet",GPT,0.0,0,0,0,11/10/2020
4,"Guardian Automaton",ORI,0.0,0,0,4,1/9/2020
1,"Guardian Idol",5DN,0.0,0,0,0,4/1/2021
2,"Guardian Idol",IMA,0.0,0,0,0,11/10/2020
2,"Guardians of Koilos",DOM,0.0,0,0,4,1/9/2020
3,"Guardians of Meletis",ORI,0.0,0,0,4,31/8/2020
2,"Guardians of Meletis",THS,0.0,0,0,4,4/1/2021
15,"Gust-Skimmer",MBS,0.0,0,0,0,31/8/2020
1,"Gustha's Scepter",ALL,0.0,0,0,0,27/9/2020
2,"Hammer of Ruin",WWK,0.0,0,0,0,11/10/2020
2,"Hankyu",CHK,0.0,0,0,4,11/10/2020
4,"Hazoret's Monument",AKH,0.0,0,0,4,4/10/2020
1,"Healer's Headdress",5DN,0.0,0,0,0,11/10/2020
1,"Heap Doll",UMA,0.0,0,0,0,26/7/2020
1,"Heartseeker",DST,0.0,0,0,4,11/10/2020
3,"Heartstone",STH,0.0,0,0,0,31/1/2021
1,"Heartstone",STH,0.0,0,0,4,5/10/2020
2,"Heartwood Shard",MRD,0.0,0,0,0,4/10/2020
6,"Heavy Arbalest",SOM,0.0,0,0,0,11/10/2020
1,"Hedron Blade",BFZ,0.0,0,0,4,11/10/2020
2,"Hedron Crawler",OGW,0.0,0,0,4,31/8/2020
1,"Hedron Rover",WWK,0.0,0,0,0,1/9/2020
1,"Hedron Rover",WWK,0.0,0,0,4,4/1/2021
3,"Heliophial",5DN,0.0,0,0,0,11/10/2020
6,"Helm of Awakening",VIS,0.0,0,0,0,4/1/2021
2,"Helm of Obedience",ALL,0.0,0,0,0,28/9/2020
2,"Helm of Possession",TMP,0.0,0,0,0,28/9/2020
1,"Helm of Possession",TMP,0.0,0,0,5,28/9/2020
8,"Hematite Golem",MRD,0.0,0,0,0,1/9/2020
1,"Hematite Talisman",ICE,0.0,0,0,0,4/10/2020
1,"Heroes' Podium",BNG,0.0,0,0,0,28/9/2020
7,"Hexplate Golem",MBS,0.0,0,0,0,1/9/2020
4,"Hollow Warrior",PCY,0.0,0,0,0,31/1/2021
1,"Honed Khopesh",AKH,0.0,0,0,0,11/10/2020
1,"Hoof Skulkin",EVE,0.0,0,0,0,31/8/2020
2,"Hope of Ghirapur",AER,0.0,0,0,0,26/7/2020
2,"Horizon Spellbomb",SOM,0.0,0,0,0,11/10/2020
7,"Horn of Greed",STH,0.0,0,0,0,27/9/2020
1,"Horn of Plenty",MMQ,0.0,0,0,0,28/9/2020
2,"Horn of Ramos",MMQ,0.0,0,0,0,27/9/2020
2,"Horned Helm",5DN,0.0,0,0,0,11/10/2020
1,"Horrible Hordes",MIR,0.0,0,0,0,31/1/2021
2,"Hovermyr",NPH,0.0,0,0,0,31/8/2020
1,"Howling Golem",DOM,0.0,0,0,0,31/8/2020
3,"Howling Golem",DOM,0.0,0,0,4,31/8/2020
2,"Howling Mine",3ED,0.0,0,0,0,5/1/2021
1,"Howling Mine",3ED,0.0,0,2,0,27/9/2020
1,"Howling Mine",7ED,0.0,0,0,0,27/9/2020
3,"Howling Mine",4ED,0.0,0,0,0,27/9/2020
2,"Howling Mine",4ED,0.0,0,0,3,27/9/2020
1,"Howling Mine",4ED,0.0,0,0,4,27/9/2020
1,"Howling Mine",4ED,0.0,1,0,3,27/9/2020
1,"Howling Mine",M10,0.0,0,0,0,27/9/2020
2,"Howling Mine",5ED,0.0,0,0,0,27/9/2020
1,"Howling Mine",5ED,0.0,0,0,3,27/9/2020
6,"Ichor Wellspring",MBS,0.0,0,0,0,11/10/2020
1,"Ichorclaw Myr",SOM,0.0,0,0,0,31/8/2020
7,"Icy Manipulator",ICE,0.0,0,0,0,5/10/2020
1,"Icy Manipulator",PFNM,0.0,1,0,0,5/10/2020
3,"Icy Manipulator",MRD,0.0,0,0,0,5/10/2020
1,"Icy Manipulator",MRD,0.0,0,0,4,5/1/2021
1,"Icy Manipulator",2ED,0.0,0,0,0,4/10/2020
1,"Icy Manipulator",DOM,0.0,0,0,0,5/10/2020
2,"Icy Manipulator",DOM,0.0,0,0,4,5/10/2020
1,"Icy Manipulator",10E,0.0,0,0,4,5/10/2020
1,"Igneous Golem",MIR,0.0,0,0,0,31/1/2021
9,"Immolating Souleater",NPH,0.0,0,0,0,31/8/2020
7,"Implement of Combustion",AER,0.0,0,0,0,11/10/2020
6,"Implement of Examination",AER,0.0,0,0,0,11/10/2020
2,"Implement of Examination",AER,0.0,0,0,4,11/10/2020
6,"Implement of Ferocity",AER,0.0,0,0,0,11/10/2020
2,"Implement of Ferocity",AER,0.0,0,0,4,11/10/2020
5,"Implement of Improvement",AER,0.0,0,0,0,11/10/2020
1,"Implement of Improvement",AER,0.0,1,0,0,11/10/2020
4,"Implement of Malice",AER,0.0,0,0,0,11/10/2020
1,"Implement of Malice",AER,0.0,0,0,5,11/10/2020
1,"Infused Arrows",5DN,0.0,0,0,0,5/10/2020
1,"Infused Arrows",5DN,0.0,0,0,4,5/10/2020
4,"Insatiable Souleater",NPH,0.0,0,0,0,1/9/2020
2,"Iron League Steed",KLD,0.0,0,0,4,31/8/2020
4,"Iron Myr",SOM,0.0,0,0,0,31/8/2020
8,"Iron Myr",MRD,0.0,0,0,0,31/8/2020
2,"Iron Myr",MRD,0.0,0,0,4,4/1/2021
1,"Iron Myr",MRD,0.0,0,0,6,31/8/2020
1,"Iron Star",4ED,0.0,0,0,0,28/9/2020
1,"Iron Star",4ED,0.0,0,0,4,28/9/2020
2,"Iron Star",8ED,0.0,0,0,4,28/9/2020
2,"Iron Star",3ED,0.0,1,0,4,28/9/2020
5,"Irontread Crusher",AER,0.0,0,0,0,11/10/2020
2,"Irontread Crusher",AER,0.0,0,0,4,11/10/2020
4,"Isochron Scepter",DDJ,0.0,0,0,0,4/10/2020
1,"Isochron Scepter",PFNM,0.0,1,0,0,4/10/2020
2,"Isochron Scepter",MRD,0.0,0,0,0,4/1/2021
1,"Isochron Scepter",MRD,0.0,0,0,4,4/1/2021
1,"Isochron Scepter",MRD,0.0,1,0,0,4/10/2020
5,"It of the Horrid Swarm",EMN,0.0,0,0,4,1/9/2020
1,"Ivory Crane Netsuke",SOK,0.0,0,0,4,4/10/2020
1,"Ivory Cup",6ED,0.0,0,0,4,28/9/2020
2,"Ivory Cup",8ED,0.0,0,0,4,28/9/2020
2,"Ivory Tower",3ED,0.0,0,0,0,27/9/2020
1,"Ivory Tower",4ED,0.0,0,0,0,27/9/2020
1,"Ivory Tower",4ED,0.0,0,0,4,27/9/2020
1,"Izzet Cluestone",DGM,0.0,0,0,4,11/10/2020
3,"Izzet Locket",GRN,0.0,0,0,0,11/10/2020
2,"Jabari's Banner",WTH,0.0,0,0,0,4/10/2020
1,"Jalum Tome",5ED,0.0,0,0,0,27/9/2020
3,"Jandor's Ring",3ED,0.0,0,0,0,28/9/2020
1,"Jandor's Saddlebags",3ED,0.0,1,0,4,27/9/2020
1,"Jangling Automaton",WTH,0.0,0,0,4,31/8/2020
1,"Jayemdae Tome",3ED,0.0,0,0,0,28/9/2020
1,"Jayemdae Tome",3ED,0.0,1,3,4,5/1/2021
1,"Jayemdae Tome",5ED,0.0,0,0,0,5/1/2021
1,"Jayemdae Tome",8ED,0.0,0,2,4,5/1/2021
1,"Jayemdae Tome",4ED,0.0,0,0,0,28/9/2020
5,"Jester's Cap",ICE,0.0,0,0,0,5/1/2021
4,"Jester's Cap",9ED,0.0,0,0,4,28/9/2020
3,"Jester's Mask",ICE,0.0,0,0,0,5/1/2021
1,"Jester's Sombrero",UGL,0.0,0,0,0,31/1/2021
4,"Jet Medallion",TMP,0.0,0,0,0,27/9/2020
4,"Jeweled Amulet",ICE,0.0,0,0,0,4/1/2021
2,"Jhoira's Familiar",DOM,0.0,0,0,0,31/8/2020
1,"Jhoira's Familiar",DOM,0.0,0,0,4,31/8/2020
2,"Jhoira's Timebug",TSP,0.0,0,0,4,4/1/2021
1,"Jinxed Idol",TMP,0.0,0,0,0,27/9/2020
1,"Jinxed Idol",TMP,0.0,0,0,4,27/9/2020
2,"Jinxed Ring",STH,0.0,0,0,0,27/9/2020
1,"Journeyer's Kite",CHK,0.0,0,0,0,27/9/2020
3,"Jousting Lance",DOM,0.0,0,0,0,11/10/2020
2,"Jousting Lance",DOM,0.0,0,0,5,11/10/2020
2,"Juggernaut",M15,0.0,0,0,4,31/8/2020
2,"Juggernaut",DOM,0.0,0,0,0,31/8/2020
2,"Juggernaut",DOM,0.0,0,0,4,31/8/2020
1,"Juggernaut",3ED,0.0,0,0,0,31/8/2020
1,"Juggernaut",3ED,0.0,0,0,4,31/8/2020
1,"Juggernaut",3ED,0.0,1,0,3,31/8/2020
2,"Juggernaut",3ED,0.0,1,0,4,31/8/2020
1,"Junk Golem",ODY,0.0,0,0,3,26/7/2020
1,"Junktroller",RAV,0.0,1,0,4,31/8/2020
1,"Junktroller",RNA,0.0,0,0,0,31/8/2020
1,"Junkyo Bell",CHK,0.0,0,0,3,28/9/2020
1,"Karn Liberated",NPH,0.0,0,0,0,26/7/2020
4,"Karn, Silver Golem",USG,0.0,0,0,0,31/8/2020
2,"Keening Stone",C16,0.0,0,0,0,28/9/2020
1,"Keening Stone",ROE,0.0,0,0,0,28/9/2020
1,"Keening Stone",ROE,0.0,0,0,4,28/9/2020
1,"Kefnet's Monument",AKH,0.0,0,0,0,4/10/2020
3,"Kefnet's Monument",AKH,0.0,0,0,4,4/10/2020
1,"Key to the City",KLD,0.0,0,0,0,27/9/2020
4,"Khalni Gem",ZEN,0.0,0,0,0,5/10/2020
1,"Kiln Walker",NPH,0.0,0,0,0,31/8/2020
1,"Kitesail",CN2,0.0,0,0,0,11/10/2020
1,"Kolaghan Monument",IMA,0.0,0,0,0,12/10/2020
1,"Konda's Banner",CHK,0.0,0,0,4,11/10/2020
3,"Kozilek's Pathfinder",OGW,0.0,0,0,4,1/9/2020
1,"Kraken's Eye",DST,0.0,0,0,0,4/10/2020
1,"Krark's Thumb",MRD,0.0,0,0,4,27/9/2020
1,"Krark-Clan Ironworks",5DN,0.0,0,0,4,5/10/2020
1,"Kry Shield",LEG,0.0,0,0,0,4/10/2020
2,"Kry Shield",LEG,0.0,0,0,4,4/10/2020
1,"Kusari-Gama",CHK,0.0,0,0,4,11/10/2020
1,"Lantern of Insight",5DN,0.0,0,0,4,28/9/2020
1,"Lapis Lazuli Talisman",ICE,0.0,0,0,4,4/10/2020
3,"Lashweed Lurker",EMN,0.0,0,0,0,31/8/2020
3,"Lashweed Lurker",EMN,0.0,0,0,4,31/8/2020
2,"Lead Golem",MIR,0.0,0,0,0,31/1/2021
6,"Leaden Myr",SOM,0.0,0,0,0,31/8/2020
4,"Leaden Myr",MRD,0.0,0,0,0,31/8/2020
1,"Leaden Myr",MRD,0.0,0,2,0,31/8/2020
1,"Lens of Clarity",KTK,0.0,0,0,4,11/10/2020
1,"Leonin Bladetrap",MRD,0.0,0,0,0,5/10/2020
7,"Leonin Bladetrap",MRD,0.0,0,0,4,4/1/2021
8,"Leonin Bola",DST,0.0,0,0,0,11/10/2020
5,"Leonin Bola",DST,0.0,0,0,4,11/10/2020
7,"Leonin Scimitar",MRD,0.0,0,0,0,11/10/2020
1,"Leonin Scimitar",MRD,0.0,0,0,4,11/10/2020
1,"Leonin Sun Standard",MRD,0.0,0,0,4,27/9/2020
2,"Leveler",MRD,0.0,0,0,0,27/9/2020
1,"Library of Leng",4ED,0.0,0,0,0,4/10/2020
2,"Library of Leng",3ED,0.0,0,0,0,4/10/2020
3,"Library of Leng",3ED,0.0,1,0,4,4/10/2020
3,"Lich's Mirror",ALA,0.0,1,0,0,28/9/2020
9,"Life Chisel",LEG,0.0,0,0,4,5/10/2020
12,"Lifespark Spellbomb",MRD,0.0,0,0,0,4/1/2021
2,"Limestone Golem",ODY,0.0,0,0,0,31/1/2021
4,"Lion's Eye Diamond",MIR,0.0,0,0,0,12/9/2020
1,"Lion's Eye Diamond",MIR,0.0,0,0,5,12/9/2020
2,"Living Armor",CHR,0.0,0,0,0,12/10/2020
1,"Living Armor",DRK,0.0,0,0,0,5/10/2020
3,"Living Armor",DRK,0.0,0,0,4,5/10/2020
1,"Living Wall",3ED,0.0,0,4,0,31/8/2020
3,"Living Wall",3ED,0.0,1,0,4,31/8/2020
3,"Locket of Yesterdays",TSP,0.0,0,0,0,28/9/2020
2,"Lodestone Bauble",ALL,0.0,0,0,0,12/9/2020
1,"Lodestone Myr",MRD,0.0,0,0,0,27/9/2020
1,"Lodestone Myr",HOP,0.0,0,0,0,26/7/2020
2,"Lotus Bloom",TSP,0.0,0,0,0,27/9/2020
8,"Lotus Petal",TMP,0.0,0,0,0,12/9/2020
1,"Lotus Petal",TMP,0.0,0,0,1,12/9/2020
9,"Lotus Petal",TMP,0.0,0,0,3,27/9/2020
1,"Lotus Petal",TMP,0.0,0,0,5,12/9/2020
2,"Loxodon Warhammer",MRD,0.0,0,0,4,11/10/2020
1,"Loxodon Warhammer",MRD,0.0,1,0,4,11/10/2020
6,"Lumengrid Gargoyle",MBS,0.0,0,0,0,31/8/2020
1,"Lunar Avenger",5DN,0.0,0,0,4,31/8/2020
2,"Luxa River Shrine",AKH,0.0,0,0,0,11/10/2020
5,"Magistrate's Scepter",M19,0.0,0,0,0,27/9/2020
1,"Magnetic Web",TMP,0.0,0,0,0,27/9/2020
8,"Malachite Golem",MRD,0.0,0,0,0,1/9/2020
2,"Malachite Talisman",ICE,0.0,0,0,0,4/10/2020
1,"Malachite Talisman",ICE,0.0,0,0,5,4/10/2020
2,"Mana Prism",MIR,0.0,0,0,0,31/1/2021
1,"Mana Prism",MIR,0.0,0,0,4,4/10/2020
1,"Mana Prism",MIR,0.0,0,2,0,4/1/2021
1,"Mana Vault",4ED,0.0,0,0,0,27/9/2020
1,"Mana Vault",4ED,0.0,0,0,3,27/9/2020
1,"Mana Vault",4ED,0.0,0,0,4,27/9/2020
1,"Mana Vault",UMA,0.0,1,0,0,27/9/2020
1,"Mana Vault",3ED,0.0,0,0,0,27/9/2020
2,"Manakin",IMA,0.0,0,0,0,31/8/2020
3,"Manalith",M19,0.0,0,0,0,4/1/2021
2,"Manalith",HOU,0.0,0,0,0,11/10/2020
1,"Manalith",HOU,0.0,0,0,4,11/10/2020
1,"Mantis Engine",10E,0.0,0,0,0,4/1/2021
4,"Marauder's Axe",M19,0.0,0,0,0,4/1/2021
1,"Marble Priest",LEG,0.0,0,0,4,31/8/2020
1,"Mask of Immolation",M20,0.0,0,0,0,11/10/2020
2,"Mask of Memory",HOP,0.0,0,0,4,11/10/2020
4,"Masticore",UDS,0.0,0,0,0,31/8/2020
1,"Masticore",UDS,0.0,0,0,3,26/7/2020
1,"Masticore",UDS,0.0,1,0,0,26/7/2020
1,"Meekstone",4ED,0.0,0,0,0,27/9/2020
2,"Meekstone",3ED,0.0,0,0,0,28/9/2020
1,"Meekstone",7ED,0.0,0,0,0,31/1/2021
2,"Memory Crystal",EXO,0.0,0,0,0,27/9/2020
1,"Memory Jar",ULG,0.0,0,0,3,5/1/2021
1,"Memory Jar",ULG,0.0,0,0,4,5/1/2021
2,"Mercadian Atlas",MMQ,0.0,0,0,0,28/9/2020
1,"Mesmeric Orb",MRD,0.0,0,0,0,27/9/2020
2,"Mesmeric Orb",MRD,0.0,0,0,3,31/1/2021
1,"Metalspinner's Puzzleknot",KLD,0.0,0,0,4,11/10/2020
2,"Metalworker",UDS,0.0,1,0,0,31/8/2020
1,"Meteor Golem",M20,0.0,0,0,0,31/8/2020
1,"Meteorite",M15,0.0,0,0,7,5/10/2020
1,"Mightstone",ATQ,0.0,0,0,0,28/9/2020
1,"Millikin",ODY,0.0,0,0,6,4/10/2020
1,"Millstone",4ED,0.0,0,0,0,27/9/2020
1,"Millstone",M19,0.0,0,0,0,5/1/2021
4,"Millstone",5ED,0.0,0,0,0,5/1/2021
1,"Millstone",3ED,0.0,0,0,0,27/9/2020
5,"Mind Stone",WTH,0.0,0,0,0,11/10/2020
2,"Mindcrank",NPH,0.0,0,0,0,4/10/2020
4,"Mindcrank",IMA,0.0,0,0,0,4/10/2020
5,"Mindless Automaton",TSB,0.0,0,0,0,31/1/2021
2,"Mindless Automaton",EXO,0.0,0,0,0,26/7/2020
1,"Mindstorm Crown",MRD,0.0,0,0,0,4/10/2020
2,"Mirage Mirror",HOU,0.0,0,0,0,27/9/2020
1,"Mirari",C13,0.0,0,0,0,28/9/2020
1,"Mirari",TSB,0.0,0,0,3,28/9/2020
1,"Mirari",ODY,0.0,0,0,0,28/9/2020
1,"Mirari",ODY,0.0,1,0,0,28/9/2020
2,"Mirror Golem",MRD,0.0,0,0,0,31/8/2020
2,"Mirror Golem",MRD,0.0,0,0,4,31/8/2020
1,"Mirror Golem",MRD,0.0,0,3,0,31/8/2020
2,"Mirror Shield",THB,0.0,0,0,3,11/10/2020
2,"Misers' Cage",MIR,0.0,0,0,0,31/1/2021
1,"Mishra's Bauble",CSP,0.0,0,0,5,28/9/2020
2,"Mishra's Bauble",IMA,0.0,0,0,0,28/9/2020
1,"Mishra's Groundbreaker",ALL,0.0,0,0,0,5/10/2020
2,"Mishra's Helix",USG,0.0,0,0,0,28/9/2020
13,"Mishra's Helix",USG,0.0,1,0,0,31/1/2021
1,"Mishra's War Machine",4ED,0.0,0,0,0,26/7/2020
1,"Mobile Fort",USG,0.0,0,0,0,27/9/2020
7,"Mobile Garrison",AER,0.0,0,0,0,11/10/2020
1,"Mobile Garrison",AER,0.0,0,0,3,11/10/2020
1,"Mobile Garrison",AER,0.0,0,0,4,11/10/2020
3,"Mockery of Nature",EMN,0.0,0,0,0,31/8/2020
3,"Mockery of Nature",EMN,0.0,0,0,4,31/8/2020
1,"Mogg Cannon",TMP,0.0,0,0,0,4/10/2020
1,"Mogg Cannon",TMP,0.0,0,0,4,4/10/2020
6,"Moonglove Extract",IMA,0.0,0,0,0,11/10/2020
1,"Moonring Mirror",CHK,0.0,0,0,4,28/9/2020
1,"Moonsilver Spear",AVR,0.0,0,0,0,11/10/2020
2,"Moratorium Stone",GPT,0.0,0,0,4,27/9/2020
3,"Mortarpod",MBS,0.0,0,0,0,11/10/2020
1,"Mossfire Egg",ODY,0.0,0,0,7,4/10/2020
1,"Mourner's Shield",MRD,0.0,0,0,0,4/1/2021
5,"Mourner's Shield",MRD,0.0,0,0,4,5/10/2020
2,"Mox Diamond",STH,0.0,0,0,0,13/9/2020
1,"Mox Diamond",STH,0.0,0,0,1,13/9/2020
1,"Mox Diamond",STH,0.0,0,0,3,13/9/2020
1,"Mox Diamond",STH,0.0,0,0,5,13/9/2020
1,"Mox Diamond",STH,0.0,0,2,0,13/9/2020
1,"Mox Lotus",UNH,0.0,0,0,0,1/2/2021
1,"Mox Opal",SOM,0.0,0,0,0,27/9/2020
1,"Mox Opal",MM2,0.0,0,0,0,12/9/2020
1,"Multiform Wonder",KLD,0.0,0,0,0,26/7/2020
4,"Murderer's Axe",SOI,0.0,0,0,4,11/10/2020
1,"Mycosynth Lattice",DST,0.0,0,0,0,28/9/2020
1,"Mycosynth Wellspring",NPH,0.0,0,0,0,11/10/2020
6,"Myr Adapter",MRD,0.0,0,0,0,31/8/2020
2,"Myr Adapter",MRD,0.0,0,0,4,31/8/2020
1,"Myr Battlesphere",C16,0.0,0,0,4,26/7/2020
1,"Myr Enforcer",MM2,0.0,0,0,0,1/9/2020
6,"Myr Enforcer",MRD,0.0,0,0,0,1/9/2020
6,"Myr Enforcer",MRD,0.0,0,0,4,1/9/2020
4,"Myr Incubator",MRD,0.0,0,0,4,28/9/2020
2,"Myr Landshaper",DST,0.0,0,0,0,31/8/2020
2,"Myr Landshaper",DST,0.0,0,0,4,31/8/2020
1,"Myr Matrix",DST,0.0,0,0,4,28/9/2020
4,"Myr Mindservant",MRD,0.0,0,0,0,26/7/2020
4,"Myr Moonvessel",DST,0.0,0,0,0,31/8/2020
2,"Myr Moonvessel",DST,0.0,0,0,4,31/8/2020
2,"Myr Quadropod",5DN,0.0,0,0,0,1/9/2020
1,"Myr Reservoir",SOM,0.0,0,0,4,27/9/2020
3,"Myr Retriever",MMA,0.0,0,0,0,26/7/2020
1,"Myr Retriever",C14,0.0,0,0,4,26/7/2020
1,"Myr Retriever",MRD,0.0,0,3,0,26/7/2020
2,"Myr Servitor",5DN,0.0,0,0,0,31/8/2020
7,"Myr Sire",MBS,0.0,0,0,0,31/8/2020
1,"Mystic Compass",6ED,0.0,0,0,3,4/10/2020
2,"Mystic Compass",ALL,0.0,0,0,0,4/10/2020
1,"Mystic Forge",M20,0.0,0,0,0,28/9/2020
1,"Nacre Talisman",ICE,0.0,0,0,0,4/10/2020
3,"Naked Singularity",ICE,0.0,0,0,0,5/1/2021
3,"Navigator's Compass",DOM,0.0,0,0,0,11/10/2020
15,"Necrogen Censer",SOM,0.0,0,0,0,11/10/2020
4,"Necrogen Spellbomb",MRD,0.0,0,0,0,11/10/2020
1,"Necrogen Spellbomb",MRD,0.0,0,0,4,11/10/2020
1,"Necrogen Spellbomb",MRD,0.0,0,1,4,11/10/2020
1,"Necrogen Spellbomb",MRD,0.0,0,2,0,11/10/2020
2,"Necropolis",DRK,0.0,0,0,4,31/8/2020
2,"Necropouncer",NPH,0.0,0,0,0,11/10/2020
2,"Needlebug",MRD,0.0,0,0,0,31/8/2020
4,"Needlebug",MRD,0.0,0,0,4,31/8/2020
4,"Neglected Heirloom",SOI,0.0,0,0,4,11/10/2020
2,"Nemesis Mask",DST,0.0,0,0,4,11/10/2020
5,"Neurok Hoversail",MRD,0.0,0,0,0,11/10/2020
4,"Neurok Hoversail",MRD,0.0,0,0,4,11/10/2020
13,"Neurok Replica",SOM,0.0,0,0,0,31/8/2020
1,"Neurok Stealthsuit",5DN,0.0,0,0,3,4/1/2021
1,"Nevinyrral's Disk",C14,0.0,0,0,0,28/9/2020
1,"Nevinyrral's Disk",3ED,0.0,1,0,3,4/10/2020
1,"Nevinyrral's Disk",4ED,0.0,0,0,3,28/9/2020
3,"Nevinyrral's Disk",5ED,0.0,0,0,0,27/9/2020
1,"Nevinyrral's Disk",ATH,0.0,0,0,0,28/9/2020
1,"Nevinyrral's Disk",C13,0.0,0,0,0,28/9/2020
7,"Night Market Guard",AER,0.0,0,0,0,31/8/2020
1,"Night Market Guard",AER,0.0,0,0,4,31/8/2020
1,"Nightmare Lash",MRD,0.0,0,0,0,11/10/2020
8,"Nim Replica",MRD,0.0,0,0,0,31/8/2020
2,"Nim Replica",MRD,0.0,0,0,4,31/8/2020
1,"Noetic Scales",USG,0.0,0,0,0,5/1/2021
2,"Norn's Annex",NPH,0.0,0,0,0,28/9/2020
2,"Nuisance Engine",MRD,0.0,0,0,0,12/10/2020
2,"Nuisance Engine",MRD,0.0,0,0,4,4/10/2020
6,"Null Brooch",EXO,0.0,0,0,0,28/9/2020
1,"Null Rod",WTH,0.0,0,0,3,27/9/2020
1,"Nullstone Gargoyle",RAV,0.0,0,0,4,26/7/2020
1,"Nyx Lotus",THB,0.0,0,0,3,28/9/2020
2,"Obelisk of Grixis",E01,0.0,0,0,0,11/10/2020
1,"Oblivion Stone",MRD,0.0,0,0,0,27/9/2020
4,"Obsianus Golem",3ED,0.0,0,0,0,31/1/2021
1,"Obsianus Golem",3ED,0.0,1,0,0,31/8/2020
2,"Obsianus Golem",6ED,0.0,0,0,4,31/8/2020
1,"Obsianus Golem",4ED,0.0,0,0,4,31/8/2020
2,"Oketra's Monument",AKH,0.0,0,0,0,4/10/2020
4,"Oketra's Monument",AKH,0.0,0,0,4,4/10/2020
8,"Omega Myr",MRD,0.0,0,0,0,31/8/2020
1,"Omega Myr",MRD,0.0,0,3,0,31/8/2020
1,"Omen Machine",NPH,0.0,0,0,4,28/9/2020
2,"Opaline Bracers",5DN,0.0,0,0,0,11/10/2020
5,"Opaline Unicorn",THS,0.0,0,0,4,4/1/2021
2,"Ornithopter",4ED,0.0,0,0,0,31/8/2020
2,"Ornithopter",4ED,0.0,0,0,4,26/7/2020
1,"Ornithopter",ATQ,0.0,0,0,3,26/7/2020
2,"Ornithopter",M15,0.0,0,0,0,4/1/2021
2,"Ornithopter",M15,0.0,0,0,4,4/1/2021
1,"Ornithopter",M15,0.0,0,0,6,4/1/2021
2,"Ornithopter",3ED,0.0,0,0,0,26/7/2020
2,"Ornithopter",9ED,0.0,0,0,3,26/7/2020
1,"Ornithopter",MRD,0.0,0,0,0,26/7/2020
6,"Ornithopter",MRD,0.0,1,0,0,26/7/2020
1,"Orzhov Cluestone",DGM,0.0,0,0,4,11/10/2020
1,"Orzhov Cluestone",DGM,0.0,0,0,6,11/10/2020
3,"Orzhov Locket",RNA,0.0,0,0,0,11/10/2020
1,"Orzhov Signet",CMD,0.0,0,0,4,4/1/2021
1,"Otarian Juggernaut",ODY,0.0,0,0,3,26/7/2020
5,"Oxidda Golem",DST,0.0,0,0,0,1/9/2020
4,"Oxidda Golem",DST,0.0,0,0,4,1/9/2020
2,"Pacification Array",AER,0.0,0,0,0,28/9/2020
2,"Pacification Array",AER,0.0,0,0,4,28/9/2020
3,"Painter's Servant",SHM,0.0,0,0,0,26/7/2020
1,"Painter's Servant",SHM,0.0,0,0,3,31/8/2020
1,"Painter's Servant",SHM,0.0,0,0,4,26/7/2020
1,"Painter's Servant",SHM,0.0,0,1,4,12/9/2020
2,"Palladium Myr",IMA,0.0,0,0,0,31/8/2020
1,"Palladium Myr",SOM,0.0,0,0,0,31/8/2020
1,"Panharmonicon",KLD,0.0,0,0,0,28/9/2020
2,"Panic Spellbomb",SOM,0.0,0,0,0,11/10/2020
4,"Paradise Mantle",5DN,0.0,0,0,0,11/10/2020
2,"Pardic Wanderer",DOM,0.0,0,0,0,1/9/2020
1,"Pardic Wanderer",DOM,0.0,0,0,4,1/9/2020
1,"Pardic Wanderer",DOM,0.0,0,0,5,1/9/2020
1,"Parhelion II",WAR,0.0,0,0,0,11/10/2020
2,"Patagia Golem",MIR,0.0,0,0,0,31/1/2021
1,"Patchwork Gnomes",TMP,0.0,0,0,0,31/8/2020
4,"Patchwork Gnomes",ODY,0.0,0,0,0,31/1/2021
1,"Patchwork Gnomes",ODY,0.0,0,0,6,4/10/2020
6,"Paupers' Cage",MIR,0.0,0,0,0,27/9/2020
1,"Paupers' Cage",MIR,0.0,0,0,4,27/9/2020
1,"Peacewalker Colossus",AER,0.0,0,0,0,11/10/2020
2,"Pearl Medallion",TMP,0.0,0,0,0,31/1/2021
1,"Pearl Shard",MRD,0.0,0,0,0,4/1/2021
3,"Pearl Shard",MRD,0.0,0,0,4,4/10/2020
1,"Perilous Myr",SOM,0.0,0,0,0,31/8/2020
1,"Perpetual Timepiece",KLD,0.0,0,0,4,4/10/2020
1,"Pestilent Souleater",NPH,0.0,0,0,0,1/9/2020
8,"Pewter Golem",MRD,0.0,0,0,0,1/9/2020
3,"Phyrexian Colossus",USG,0.0,1,0,0,26/7/2020
2,"Phyrexian Colossus",8ED,0.0,0,0,4,26/7/2020
4,"Phyrexian Devourer",ALL,0.0,0,0,0,12/9/2020
3,"Phyrexian Digester",MBS,0.0,0,0,0,31/8/2020
5,"Phyrexian Dreadnought",MIR,0.0,0,0,0,26/7/2020
4,"Phyrexian Furnace",WTH,0.0,0,0,0,4/10/2020
2,"Phyrexian Furnace",WTH,0.0,1,0,0,4/10/2020
1,"Phyrexian Hulk",TMP,0.0,0,0,0,31/8/2020
1,"Phyrexian Hulk",TMP,0.0,0,0,4,31/8/2020
2,"Phyrexian Hulk",8ED,0.0,0,0,4,31/8/2020
1,"Phyrexian Hulk",NPH,0.0,0,0,0,1/9/2020
1,"Phyrexian Hulk",9ED,0.0,0,0,4,31/8/2020
1,"Phyrexian Ironfoot",CSP,0.0,0,0,4,4/1/2021
1,"Phyrexian Lens",INV,0.0,1,0,0,27/9/2020
2,"Phyrexian Portal",ALL,0.0,0,0,0,27/9/2020
2,"Phyrexian Processor",DDE,0.0,0,0,0,28/9/2020
1,"Phyrexian Processor",V16,0.0,1,0,0,28/9/2020
1,"Phyrexian Processor",USG,0.0,0,0,0,28/9/2020
2,"Phyrexian Processor",USG,0.0,1,0,0,28/9/2020
1,"Phyrexian Splicer",TMP,0.0,0,0,0,4/10/2020
1,"Phyrexian Walker",VIS,0.0,0,0,0,31/8/2020
3,"Phyrexian Walker",VIS,0.0,0,0,4,31/8/2020
1,"Phyrexian War Beast",ALL,0.0,0,0,0,27/9/2020
3,"Phyrexian War Beast",ALL,0.0,0,0,0,27/9/2020
1,"Pilgrim's Eye",WWK,0.0,0,0,4,4/1/2021
1,"Pillar of Origins",XLN,0.0,0,0,0,4/10/2020
2,"Pillar of War",BNG,0.0,0,0,0,31/8/2020
4,"Pirate's Cutlass",XLN,0.0,0,0,0,11/10/2020
1,"Pirate's Cutlass",XLN,0.0,0,0,4,4/1/2021
1,"Pit Trap",ICE,0.0,0,0,0,4/10/2020
17,"Pith Driller",NPH,0.0,0,0,0,12/9/2020
1,"Pithing Needle",M10,0.0,0,0,0,27/9/2020
1,"Plague Boiler",RAV,0.0,0,0,4,27/9/2020
1,"Planar Portal",INV,0.0,0,0,0,28/9/2020
6,"Porcelain Legionnaire",NPH,0.0,0,0,0,12/9/2020
3,"Portcullis",STH,0.0,0,0,0,28/9/2020
2,"Powder Keg",UDS,0.0,1,0,0,27/9/2020
1,"Power Armor",INV,0.0,0,0,0,5/10/2020
3,"Power Armor",INV,0.0,0,0,4,5/10/2020
1,"Power Armor",INV,0.0,0,1,4,5/10/2020
2,"Power Conduit",MRD,0.0,0,0,4,4/10/2020
2,"Powerstone Shard",DOM,0.0,0,0,4,11/10/2020
1,"Powerstone Shard",DOM,0.0,0,0,5,11/10/2020
1,"Primal Clay",A25,0.0,0,0,0,1/9/2020
1,"Prismatic Lens",UMA,0.0,0,0,0,4/10/2020
1,"Pristine Talisman",NPH,0.0,0,0,0,12/10/2020
4,"Pristine Talisman",IMA,0.0,0,0,0,4/10/2020
8,"Prizefighter Construct",AER,0.0,0,0,0,1/9/2020
1,"Prizefighter Construct",AER,0.0,0,0,4,1/9/2020
1,"Profane Memento",M15,0.0,0,0,4,28/9/2020
1,"Prophetic Prism",KLD,0.0,0,0,4,11/10/2020
1,"Prowler's Helm",THS,0.0,0,0,0,11/10/2020
2,"Prowler's Helm",THS,0.0,0,0,4,11/10/2020
1,"Psychogenic Probe",MRD,0.0,0,0,0,27/9/2020
1,"Psychogenic Probe",MRD,0.0,0,0,4,27/9/2020
2,"Puppet Strings",TMP,0.0,0,0,0,5/10/2020
1,"Pyramid of the Pantheon",AKH,0.0,0,0,0,27/9/2020
13,"Pyrite Spellbomb",MRD,0.0,0,0,0,4/1/2021
1,"Pyrite Spellbomb",MRD,0.0,0,1,0,11/10/2020
4,"Pyromancer's Gauntlet",M14,0.0,0,0,0,28/9/2020
1,"Pyxis of Pandemonium",THS,0.0,0,0,0,27/9/2020
1,"Quicksilver Amulet",ULG,0.0,0,0,0,28/9/2020
1,"Quicksilver Fountain",MRD,0.0,0,0,0,27/9/2020
1,"Quicksilver Fountain",MRD,0.0,0,0,4,27/9/2020
1,"Quicksilver Fountain",MRD,0.0,0,2,0,5/1/2021
3,"Rage Extractor",NPH,0.0,0,0,0,5/10/2020
1,"Rakdos Cluestone",DGM,0.0,0,0,6,11/10/2020
1,"Rakdos Keyrune",RTR,0.0,0,0,0,4/10/2020
4,"Rakdos Locket",RNA,0.0,0,0,0,11/10/2020
1,"Rakdos Signet",CMD,0.0,0,0,4,4/1/2021
1,"Rampaging Monument",GRN,0.0,0,0,0,31/8/2020
6,"Razor Golem",DST,0.0,0,0,0,1/9/2020
1,"Razor Golem",DST,0.0,0,0,4,4/1/2021
4,"Razorfield Rhino",MBS,0.0,0,0,0,1/9/2020
3,"Razorgrass Screen",5DN,0.0,0,0,0,31/8/2020
1,"Razorgrass Screen",5DN,0.0,0,3,4,4/1/2021
1,"Razormane Masticore",10E,0.0,0,0,0,26/7/2020
1,"Red Mana Battery",4ED,0.0,0,0,3,28/9/2020
1,"Red Mana Battery",4ED,0.0,0,2,0,5/1/2021
1,"Red Mana Battery",LEG,0.0,0,0,4,28/9/2020
1,"Reflecting Mirror",DRK,0.0,0,0,4,5/10/2020
1,"Reito Lantern",CHK,0.0,0,0,4,4/10/2020
1,"Rejuvenation Chamber",NMS,0.0,0,0,0,4/10/2020
2,"Relic Barrier",5DN,0.0,0,0,4,4/10/2020
4,"Relic Barrier",5DN,0.0,1,0,0,4/10/2020
6,"Relic Barrier",LEG,0.0,0,0,4,4/10/2020
4,"Renegade Map",AER,0.0,0,0,0,11/10/2020
5,"Renegade Map",AER,0.0,0,0,4,11/10/2020
1,"Renegade Map",AER,0.0,0,0,5,11/10/2020
8,"Reservoir Walker",AER,0.0,0,0,0,1/9/2020
1,"Reservoir Walker",AER,0.0,0,0,4,1/9/2020
2,"Retributive Wand",M20,0.0,0,0,0,4/10/2020
1,"Rhonas's Monument",AKH,0.0,0,0,0,4/10/2020
4,"Rhonas's Monument",AKH,0.0,0,0,4,4/10/2020
1,"Ring of Gix",ULG,0.0,0,0,0,11/10/2020
1,"Ring of Kalonia",M13,0.0,0,0,4,4/1/2021
4,"Rod of Ruin",3ED,0.0,0,0,0,31/1/2021
2,"Rod of Ruin",8ED,0.0,0,0,0,5/10/2020
1,"Rod of Ruin",4ED,0.0,0,0,0,5/10/2020
1,"Rod of Ruin",4ED,0.0,0,0,5,5/10/2020
2,"Rod of Ruin",6ED,0.0,0,0,0,5/10/2020
1,"Rod of Ruin",M14,0.0,0,0,0,5/10/2020
1,"Rogue's Gloves",M19,0.0,0,0,0,4/1/2021
1,"Rogue's Gloves",M15,0.0,0,0,4,11/10/2020
1,"Roterothopter",HML,0.0,0,0,0,27/9/2020
1,"Ruby Medallion",C14,0.0,0,0,0,27/9/2020
2,"Ruby Medallion",CM2,0.0,0,0,0,27/9/2020
3,"Ruby Medallion",TMP,0.0,0,0,0,31/1/2021
1,"Runed Arch",ICE,0.0,0,0,0,27/9/2020
1,"Runed Servitor",DDP,0.0,0,0,0,26/7/2020
1,"Runed Servitor",MM2,0.0,0,0,0,31/8/2020
7,"Runed Servitor",IMA,0.0,0,0,0,31/8/2020
1,"Runed Servitor",ORI,0.0,0,0,4,26/7/2020
1,"Runesword",DRK,0.0,0,0,4,11/10/2020
3,"Runesword",CHR,0.0,0,0,0,11/10/2020
3,"Rust Elemental",MRD,0.0,0,0,4,31/8/2020
1,"Rusted Slasher",MBS,0.0,0,0,0,1/9/2020
3,"Rustspore Ram",MRD,0.0,0,0,0,1/9/2020
2,"Rustspore Ram",MRD,0.0,0,0,4,31/8/2020
3,"Saberclaw Golem",SOM,0.0,0,0,0,1/9/2020
2,"Sacred Armory",M15,0.0,0,0,4,4/10/2020
1,"Sand Golem",MIR,0.0,0,0,0,31/1/2021
4,"Sands of Time",VIS,0.0,0,0,0,28/9/2020
1,"Sandstone Deadfall",ODY,0.0,0,0,0,31/1/2021
3,"Sandstone Oracle",IMA,0.0,0,0,0,31/8/2020
2,"Sapphire Medallion",TMP,0.0,0,0,0,31/1/2021
3,"Sarpadian Empires, Vol. VII",TSP,0.0,0,0,4,27/9/2020
1,"Sawtooth Thresher",5DN,0.0,0,0,0,1/9/2020
2,"Scalding Tongs",TMP,0.0,0,0,0,27/9/2020
9,"Scale of Chiss-Goria",MRD,0.0,0,0,0,4/1/2021
6,"Scale of Chiss-Goria",MRD,0.0,0,0,4,4/1/2021
1,"Scepter of Empires",M12,0.0,0,0,4,4/10/2020
5,"Scion of Ugin",IMA,0.0,0,0,0,1/9/2020
1,"Scion of Ugin",IMA,0.0,1,0,0,1/9/2020
2,"Scour from Existence",BFZ,0.0,0,0,4,11/10/2020
1,"Scrabbling Claws",MRD,0.0,0,0,0,4/10/2020
1,"Scrabbling Claws",MRD,0.0,0,0,4,4/10/2020
10,"Scrabbling Claws",MRD,0.0,1,0,0,4/10/2020
2,"Scrabbling Claws",RNA,0.0,0,0,0,28/9/2020
1,"Scrap Trawler",AER,0.0,0,0,0,26/7/2020
2,"Scrap Trawler",AER,0.0,1,0,4,26/7/2020
1,"Scrapbasket",SHM,0.0,0,0,0,1/9/2020
1,"Scrapheap",ULG,0.0,0,0,0,27/9/2020
1,"Screaming Shield",RNA,0.0,0,0,0,11/10/2020
1,"Scroll Rack",TMP,0.0,0,0,0,27/9/2020
1,"Scroll Rack",TMP,0.0,0,0,2,27/9/2020
2,"Scroll Rack",TMP,0.0,0,0,3,27/9/2020
1,"Scroll Rack",TMP,0.0,1,0,0,27/9/2020
1,"Scroll of Origins",SOK,0.0,0,0,4,27/9/2020
3,"Scrying Glass",UDS,0.0,0,0,0,27/9/2020
1,"Sculpting Steel",MRD,0.0,0,0,0,27/9/2020
1,"Sculpting Steel",MRD,0.0,0,0,4,27/9/2020
1,"Scuttlemutt",SHM,0.0,0,0,4,31/8/2020
1,"Seashell Cameo",INV,0.0,0,0,0,4/10/2020
4,"Seer's Lantern",OGW,0.0,0,0,4,11/10/2020
1,"Seer's Sundial",WWK,0.0,0,0,4,28/9/2020
2,"Selesnya Cluestone",DGM,0.0,0,0,4,11/10/2020
1,"Selesnya Cluestone",DGM,0.0,0,0,6,11/10/2020
4,"Selesnya Locket",GRN,0.0,0,0,0,11/10/2020
3,"Self-Assembler",A25,0.0,0,0,0,1/9/2020
2,"Sensei's Divining Top",CHK,0.0,0,0,0,27/9/2020
2,"Sensei's Divining Top",CHK,0.0,0,0,5,27/9/2020
1,"Sentinel",CHR,0.0,0,1,0,26/7/2020
1,"Sentinel Totem",XLN,0.0,0,0,0,28/9/2020
1,"Serpent Generator",CHR,0.0,0,0,0,5/1/2021
4,"Serrated Arrows",HML,0.0,0,0,0,11/10/2020
4,"Serrated Arrows",DDD,0.0,0,0,0,11/10/2020
1,"Serrated Arrows",TSB,0.0,0,0,0,31/1/2021
2,"Serrated Biskelion",WTH,0.0,0,0,0,31/8/2020
2,"Serum Powder",DST,0.0,0,0,0,27/9/2020
2,"Serum Tank",MRD,0.0,0,0,0,4/10/2020
3,"Serum Tank",MRD,0.0,0,0,4,4/10/2020
5,"Servo Schematic",AER,0.0,0,0,0,4/10/2020
1,"Servo Schematic",AER,0.0,0,0,5,4/10/2020
1,"Servo Schematic",AER,0.0,1,0,0,4/10/2020
6,"Shadowblood Egg",ODY,0.0,0,0,0,31/1/2021
1,"Shadowblood Egg",ODY,0.0,0,0,4,4/1/2021
1,"Shadowblood Egg",ODY,0.0,0,0,7,4/10/2020
2,"Shadowed Caravel",XLN,0.0,0,0,0,11/10/2020
1,"Shadowspear",THB,0.0,0,0,3,11/10/2020
1,"Shapeshifter",ATQ,0.0,0,0,3,31/8/2020
1,"Shapeshifter",4ED,0.0,0,0,0,31/8/2020
1,"Shell Skulkin",EVE,0.0,0,0,0,1/9/2020
3,"Shield Sphere",ALL,0.0,0,0,0,26/7/2020
2,"Shield Sphere",ALL,0.0,0,0,1,26/7/2020
1,"Shield of the Ages",ICE,0.0,0,0,0,4/10/2020
1,"Shield of the Ages",ICE,0.0,0,0,5,4/10/2020
2,"Shield of the Realm",DOM,0.0,0,0,0,11/10/2020
1,"Shield of the Realm",DOM,0.0,0,0,4,11/10/2020
3,"Short Sword",DOM,0.0,0,0,0,11/10/2020
1,"Short Sword",DOM,0.0,0,0,5,11/10/2020
2,"Shriekhorn",MBS,0.0,0,0,0,11/10/2020
1,"Sigiled Sword of Valeron",M19,0.0,0,0,0,5/1/2021
1,"Silent Dart",GRN,0.0,0,0,0,28/9/2020
1,"Silent Gravestone",RIX,0.0,1,0,0,27/9/2020
6,"Silver Myr",MRD,0.0,0,0,0,31/8/2020
1,"Silver Myr",DDF,0.0,0,0,4,4/1/2021
3,"Silver Myr",SOM,0.0,0,0,0,31/8/2020
1,"Silver-Inlaid Dagger",ISD,0.0,0,0,4,11/10/2020
1,"Simic Cluestone",DGM,0.0,0,0,6,11/10/2020
3,"Simic Locket",RNA,0.0,0,0,0,11/10/2020
1,"Siren Song Lyre",BNG,0.0,0,0,0,11/10/2020
1,"Siren Song Lyre",BNG,0.0,0,0,4,11/10/2020
3,"Skeleton Key",SOI,0.0,0,0,4,11/10/2020
2,"Skeleton Shard",MRD,0.0,0,0,0,4/10/2020
3,"Skittering Surveyor",DOM,0.0,0,0,0,31/8/2020
2,"Skittering Surveyor",DOM,0.0,0,0,5,31/8/2020
1,"Skull Catapult",ICE,0.0,0,0,0,5/10/2020
4,"Skull of Orm",DRK,0.0,0,0,4,4/10/2020
2,"Skullclamp",CMD,0.0,0,0,4,4/1/2021
1,"Skullmead Cauldron",DIS,0.0,0,0,4,5/10/2020
1,"Sky Diamond",MIR,0.0,0,0,0,4/10/2020
1,"Skycloud Egg",ODY,0.0,0,0,0,31/1/2021
1,"Skycloud Egg",ODY,0.0,0,0,7,4/10/2020
1,"Skyreach Manta",5DN,0.0,0,0,0,1/9/2020
1,"Skyreach Manta",5DN,0.0,0,0,4,4/1/2021
4,"Skyscanner",M19,0.0,0,0,0,4/1/2021
1,"Skyship Weatherlight",PLS,0.0,0,0,0,28/9/2020
9,"Slagwurm Armor",MRD,0.0,0,0,0,11/10/2020
5,"Slash Panther",NPH,0.0,0,0,0,12/9/2020
1,"Slate of Ancestry",9ED,0.0,0,0,0,28/9/2020
1,"Slate of Ancestry",ONS,0.0,0,0,0,28/9/2020
4,"Slayer's Cleaver",EMN,0.0,0,0,0,11/10/2020
3,"Slayer's Cleaver",EMN,0.0,0,0,4,11/10/2020
1,"Slayer's Plate",SOI,0.0,0,0,0,11/10/2020
1,"Sleek Schooner",XLN,0.0,0,0,0,11/10/2020
1,"Sleek Schooner",XLN,0.0,0,0,4,11/10/2020
1,"Sliversmith",FUT,0.0,0,0,0,26/7/2020
1,"Sliversmith",FUT,0.0,0,0,7,4/10/2020
5,"Snake Basket",VIS,0.0,0,0,0,28/9/2020
2,"Sol Grail",ALL,0.0,0,0,0,5/10/2020
1,"Sol Grail",ALL,0.0,0,0,4,5/10/2020
1,"Sol Ring",3ED,0.0,0,0,0,4/10/2020
1,"Sol Ring",3ED,0.0,0,0,4,4/10/2020
2,"Sol Ring",C13,0.0,0,0,4,4/10/2020
1,"Sol Ring",CMD,0.0,0,0,4,4/10/2020
3,"Sol Ring",C14,0.0,0,0,4,4/10/2020
1,"Solarion",5DN,0.0,0,0,4,26/7/2020
4,"Soldevi Digger",ALL,0.0,0,0,0,27/9/2020
1,"Soldevi Digger",ALL,0.0,0,0,4,27/9/2020
3,"Soldevi Sentry",ALL,0.0,0,0,0,27/9/2020
1,"Soldevi Sentry",ALL,0.0,0,0,0,27/9/2020
2,"Soldevi Sentry",ALL,0.0,0,0,5,31/8/2020
1,"Soldevi Simulacrum",ICE,0.0,0,0,0,31/8/2020
3,"Soldevi Steam Beast",ALL,0.0,0,0,0,27/9/2020
1,"Soldevi Steam Beast",ALL,0.0,0,0,0,27/9/2020
9,"Soldier Replica",MRD,0.0,0,0,0,31/8/2020
1,"Solemn Simulacrum",MRD,0.0,0,2,4,26/7/2020
1,"Soliton",SOM,0.0,0,0,0,1/9/2020
1,"Sorcerer's Strongbox",M11,0.0,0,0,4,5/10/2020
2,"Sorcerer's Wand",DOM,0.0,0,0,0,11/10/2020
6,"Sorcerer's Wand",DOM,0.0,0,0,4,11/10/2020
1,"Sorcerer's Wand",DOM,0.0,0,0,5,11/10/2020
1,"Soul Foundry",MRD,0.0,0,0,0,28/9/2020
1,"Soul Net",4ED,0.0,0,0,0,28/9/2020
1,"Soul Net",6ED,0.0,0,0,4,28/9/2020
2,"Soul-Guide Lantern",THB,0.0,0,0,3,28/9/2020
3,"Sparring Collar",5DN,0.0,0,0,0,11/10/2020
4,"Sparring Construct",DOM,0.0,0,0,0,31/8/2020
1,"Sparring Construct",DOM,0.0,0,0,4,31/8/2020
1,"Spatial Contortion",OGW,0.0,0,0,4,11/10/2020
1,"Spawning Pit",DST,0.0,0,0,4,4/10/2020
1,"Specter's Shroud",DST,0.0,0,0,4,11/10/2020
1,"Spellbinder",DST,0.0,0,0,0,11/10/2020
3,"Spellbook",EXO,0.0,0,0,0,28/9/2020
1,"Spellbook",9ED,0.0,0,0,4,28/9/2020
1,"Spellbook",10E,0.0,0,0,0,4/1/2021
1,"Spellbook",8ED,0.0,0,0,4,28/9/2020
1,"Spellbook",7ED,0.0,0,0,0,28/9/2020
1,"Spellskite",NPH,0.0,0,0,0,27/9/2020
3,"Spellskite",MM2,0.0,0,0,0,26/7/2020
2,"Spellweaver Helix",MRD,0.0,0,0,0,27/9/2020
1,"Sphere of the Suns",MBS,0.0,0,0,0,4/10/2020
1,"Sphinx of the Guildpact",RNA,0.0,0,0,0,31/8/2020
2,"Spin Engine",MBS,0.0,0,0,0,31/8/2020
1,"Spinal Parasite",5DN,0.0,0,0,0,31/8/2020
1,"Spinal Parasite",5DN,0.0,0,0,4,31/8/2020
2,"Spincrusher",DST,0.0,0,0,0,26/7/2020
3,"Spincrusher",DST,0.0,0,0,4,26/7/2020
4,"Spined Thopter",NPH,0.0,0,0,0,12/9/2020
6,"Spire Golem",DST,0.0,0,0,0,1/9/2020
3,"Spire Golem",DST,0.0,0,0,4,1/9/2020
1,"Spire Golem",DST,0.0,0,1,4,1/9/2020
1,"Springleaf Drum",LRW,0.0,0,0,4,4/1/2021
1,"Squee's Toy",TMP,0.0,0,0,2,11/10/2020
1,"Squee's Toy",TMP,0.0,0,0,4,11/10/2020
2,"Staff of the Flame Magus",M15,0.0,0,0,4,4/10/2020
1,"Staff of the Flame Magus",M14,0.0,0,0,10,4/10/2020
1,"Staff of the Mind Magus",M15,0.0,0,0,4,4/10/2020
2,"Staff of the Sun Magus",M15,0.0,0,0,4,4/10/2020
2,"Standing Stones",DRK,0.0,0,0,4,4/10/2020
1,"Star Compass",PLS,0.0,0,0,6,4/10/2020
1,"Star Compass",8ED,0.0,0,0,4,4/10/2020
3,"Static Orb",TMP,0.0,0,0,0,31/1/2021
1,"Static Orb",TMP,0.0,0,0,3,31/1/2021
10,"Steamclaw",ODY,0.0,0,0,0,31/1/2021
1,"Steamclaw",ODY,0.0,0,0,4,4/1/2021
1,"Steel Golem",10E,0.0,0,0,4,31/8/2020
7,"Steel Wall",MRD,0.0,0,0,0,31/8/2020
2,"Steel Wall",MRD,0.0,0,0,4,31/8/2020
1,"Stone Calendar",DRK,0.0,0,0,0,5/1/2021
1,"Stone Calendar",DRK,0.0,0,0,4,28/9/2020
1,"Storage Matrix",UDS,0.0,0,0,4,27/9/2020
1,"Storm Cauldron",ALL,0.0,0,0,0,28/9/2020
4,"Strandwalker",MBS,0.0,0,0,0,11/10/2020
1,"Stratadon",PLS,0.0,0,0,0,27/9/2020
2,"Stratadon",PLS,0.0,0,0,4,31/8/2020
2,"Straw Golem",WTH,0.0,0,0,0,26/7/2020
1,"Street Sweeper",RTR,0.0,0,0,4,31/8/2020
2,"Strider Harness",RIX,0.0,0,0,0,11/10/2020
17,"Strider Harness",SOM,0.0,0,0,0,11/10/2020
1,"Sultai Banner",KTK,0.0,0,0,4,11/10/2020
1,"Sun Droplet",MRD,0.0,0,0,0,4/10/2020
1,"Sun Droplet",MRD,0.0,0,0,4,4/10/2020
8,"Sunbeam Spellbomb",MRD,0.0,0,0,0,11/10/2020
1,"Suncrusher",5DN,0.0,0,0,4,26/7/2020
4,"Sundial of the Infinite",M12,0.0,1,0,0,27/9/2020
2,"Sunglasses of Urza",3ED,0.0,0,0,0,4/10/2020
2,"Sunglasses of Urza",3ED,0.0,1,0,4,4/10/2020
1,"Sunglasses of Urza",3ED,0.0,1,0,5,4/10/2020
1,"Sunglasses of Urza",4ED,0.0,0,0,0,27/9/2020
1,"Sunglasses of Urza",4ED,0.0,0,0,3,27/9/2020
1,"Sungrass Egg",ODY,0.0,0,0,7,4/10/2020
1,"Sunset Pyramid",HOU,0.0,0,0,0,4/10/2020
1,"Sunstone",ICE,0.0,0,0,0,4/10/2020
1,"Suntouched Myr",5DN,0.0,0,0,0,31/8/2020
4,"Suntouched Myr",5DN,0.0,0,0,4,31/8/2020
1,"Suntouched Myr",5DN,0.0,0,1,4,4/1/2021
1,"Suntouched Myr",5DN,0.0,0,3,4,4/1/2021
1,"Surestrike Trident",DST,0.0,0,0,0,11/10/2020
2,"Surestrike Trident",DST,0.0,0,0,4,11/10/2020
1,"Suspicious Bookcase",M19,0.0,0,0,0,26/7/2020
1,"Sword of Kaldra",PPRE,0.0,1,0,0,11/10/2020
1,"Sword of Vengeance",M11,0.0,0,0,4,11/10/2020
1,"Sword of the Ages",LEG,0.0,0,0,4,28/9/2020
1,"Sword of the Paruns",GPT,0.0,0,0,0,11/10/2020
1,"Sword of the Paruns",C13,0.0,0,0,4,11/10/2020
7,"Sylvok Lifestaff",SOM,0.0,0,0,0,11/10/2020
8,"Sylvok Replica",SOM,0.0,0,0,0,31/8/2020
1,"Synod Centurion",5DN,0.0,0,0,0,31/8/2020
1,"Synod Sanctum",MRD,0.0,0,0,0,11/10/2020
1,"Synod Sanctum",MRD,0.0,0,0,4,28/9/2020
2,"Tablet of Epityr",ATQ,0.0,0,0,0,11/10/2020
1,"Talisman of Dominance",MRD,0.0,0,0,4,4/10/2020
1,"Talisman of Dominance",E01,0.0,0,0,0,4/10/2020
1,"Talisman of Indulgence",E01,0.0,0,0,0,4/10/2020
1,"Talisman of Indulgence",MRD,0.0,0,0,4,4/10/2020
1,"Talisman of Unity",MRD,0.0,0,0,4,4/10/2020
1,"Talon of Pain",DST,0.0,0,0,0,5/10/2020
2,"Tangle Golem",DST,0.0,0,0,0,1/9/2020
2,"Tangle Golem",DST,0.0,0,0,4,1/9/2020
2,"Tangle Hulk",MBS,0.0,0,0,0,1/9/2020
1,"Tangle Wire",NMS,0.0,0,0,0,27/9/2020
1,"Tangle Wire",NMS,0.0,0,0,1,27/9/2020
2,"Tangle Wire",NMS,0.0,0,0,7,27/9/2020
1,"Tangle Wire",NMS,0.0,1,0,0,27/9/2020
12,"Tanglebloom",MRD,0.0,0,0,0,11/10/2020
1,"Tanglebloom",MRD,0.0,0,0,4,11/10/2020
1,"Tanglebloom",MRD,0.0,0,0,7,11/10/2020
1,"Tatsumasa, the Dragon's Fang",CHK,0.0,0,0,4,11/10/2020
1,"Tawnos's Wand",4ED,0.0,0,0,0,5/10/2020
1,"Tawnos's Weaponry",4ED,0.0,0,0,0,4/10/2020
1,"Tawnos's Weaponry",4ED,0.0,0,0,5,4/10/2020
1,"Tawnos's Weaponry",ATQ,0.0,0,0,4,4/1/2021
1,"Tawnos's Weaponry",ATQ,0.0,0,0,5,4/10/2020
1,"Teferi's Puzzle Box",VIS,0.0,0,0,0,28/9/2020
1,"Teferi's Puzzle Box",VIS,0.0,0,0,3,28/9/2020
2,"Teferi's Puzzle Box",6ED,0.0,0,0,0,28/9/2020
1,"Teferi's Puzzle Box",7ED,0.0,0,0,0,28/9/2020
1,"Tel-Jilad Stylus",MRD,0.0,0,0,0,28/9/2020
1,"Tel-Jilad Stylus",MRD,0.0,0,0,4,28/9/2020
1,"Tel-Jilad Stylus",MRD,0.0,0,0,6,28/9/2020
1,"Telethopter",TMP,0.0,0,0,0,31/8/2020
1,"Telim'Tor's Darts",MIR,0.0,0,0,0,31/1/2021
1,"Temple Bell",C13,0.0,0,0,0,27/9/2020
1,"Temple Bell",M11,0.0,0,0,0,27/9/2020
5,"Temporal Aperture",USG,0.0,0,0,0,27/9/2020
8,"Temporal Aperture",USG,0.0,1,0,0,27/9/2020
1,"Tetravus",4ED,0.0,0,0,0,26/7/2020
1,"The Hive",3ED,0.0,1,0,4,28/9/2020
2,"The Rack",3ED,0.0,0,0,0,4/10/2020
1,"The Rack",3ED,0.0,1,0,5,4/10/2020
2,"The Rack",4ED,0.0,0,0,0,4/10/2020
1,"The Rack",4ED,0.0,0,0,4,4/10/2020
3,"Thermal Navigator",5DN,0.0,0,0,0,31/8/2020
1,"Thermal Navigator",5DN,0.0,0,0,5,31/8/2020
3,"Thirsting Axe",EMN,0.0,0,0,0,11/10/2020
1,"Thopter Squadron",EXO,0.0,0,0,3,28/9/2020
1,"Thorn of Amethyst",LRW,0.0,0,0,0,27/9/2020
1,"Thought Dissector",DST,0.0,0,0,0,28/9/2020
1,"Thought Prison",MRD,0.0,0,0,0,12/10/2020
1,"Thought Prison",MRD,0.0,0,0,4,5/10/2020
2,"Thraben Gargoyle",SOI,0.0,0,0,4,26/7/2020
2,"Thran Dynamo",C19,0.0,0,0,0,5/10/2020
3,"Thran Dynamo",UDS,0.0,0,0,0,5/10/2020
1,"Thran Dynamo",UDS,0.0,1,0,0,5/10/2020
4,"Thran Foundry",UDS,0.0,0,0,0,4/10/2020
1,"Thran Foundry",UDS,0.0,0,0,3,4/10/2020
1,"Thran Foundry",UDS,0.0,1,0,0,4/10/2020
2,"Thran Golem",M12,0.0,0,0,4,31/8/2020
1,"Thran Lens",ULG,0.0,0,0,0,27/9/2020
1,"Thran Temporal Gateway",DOM,0.0,0,0,0,28/9/2020
5,"Thran Turbine",USG,0.0,0,0,0,4/10/2020
4,"Thran Turbine",USG,0.0,0,0,4,4/10/2020
4,"Throne of Bone",3ED,0.0,1,0,4,28/9/2020
1,"Throne of Bone",4ED,0.0,0,0,0,28/9/2020
2,"Throne of Bone",8ED,0.0,0,0,4,28/9/2020
1,"Throwing Knife",ORI,0.0,0,0,4,11/10/2020
2,"Thumbscrews",TMP,0.0,0,0,0,27/9/2020
1,"Thunder Totem",TSP,0.0,0,0,0,4/10/2020
2,"Thundering Tanadon",NPH,0.0,0,0,0,12/9/2020
2,"Thunderstaff",DST,0.0,0,0,0,4/10/2020
1,"Thunderstaff",DST,0.0,0,0,4,4/10/2020
6,"Ticking Gnomes",ULG,0.0,0,0,0,12/10/2020
2,"Ticking Gnomes",ULG,0.0,1,0,0,31/8/2020
1,"Time Machine",UNH,0.0,0,0,0,1/2/2021
7,"Titanium Golem",MRD,0.0,0,0,0,1/9/2020
2,"Titanium Golem",MRD,0.0,0,0,4,1/9/2020
1,"Tome of the Guildpact",RNA,0.0,0,0,0,28/9/2020
4,"Tooth of Chiss-Goria",MRD,0.0,0,0,0,11/10/2020
4,"Tooth of Chiss-Goria",MRD,0.0,0,0,4,11/10/2020
1,"Tooth of Ramos",MMQ,0.0,0,0,0,27/9/2020
1,"Tooth of Ramos",MMQ,0.0,0,0,3,27/9/2020
1,"Torch Gauntlet",KLD,0.0,0,0,0,11/10/2020
4,"Tormod's Crypt",M13,0.0,0,0,0,28/9/2020
1,"Tormod's Crypt",M15,0.0,0,0,0,28/9/2020
3,"Tormod's Crypt",CHR,0.0,0,0,0,28/9/2020
1,"Tormod's Crypt",DRK,0.0,0,0,0,28/9/2020
1,"Tormod's Crypt",TSB,0.0,0,0,0,31/1/2021
3,"Tormod's Crypt",TSB,0.0,0,0,1,28/9/2020
1,"Torture Chamber",TMP,0.0,0,0,0,27/9/2020
1,"Tower of Champions",MRD,0.0,0,0,4,28/9/2020
4,"Tower of Coireall",DRK,0.0,0,0,4,4/10/2020
1,"Tower of Eons",MRD,0.0,0,0,0,28/9/2020
2,"Tower of Fortunes",MRD,0.0,0,0,0,28/9/2020
1,"Tower of Murmurs",MRD,0.0,0,0,0,28/9/2020
2,"Training Drone",MBS,0.0,0,0,0,31/8/2020
2,"Traveler's Amulet",HOU,0.0,0,0,0,11/10/2020
2,"Traveler's Amulet",RIX,0.0,0,0,0,11/10/2020
2,"Traveler's Amulet",THS,0.0,0,0,4,11/10/2020
1,"Traxos, Scourge of Kroog",DOM,0.0,0,0,0,26/7/2020
1,"Treasure Keeper",AER,0.0,0,0,5,31/8/2020
4,"Trepanation Blade",IMA,0.0,0,0,0,11/10/2020
1,"Trespassing Souleater",NPH,0.0,0,0,0,31/8/2020
1,"Treva's Attendant",INV,0.0,0,0,0,5/10/2020
1,"Triskelavus",CM2,0.0,0,0,4,26/7/2020
2,"Triskelion",4ED,0.0,0,0,0,12/9/2020
1,"Triskelion",ATQ,0.0,0,0,3,26/7/2020
2,"True-Faith Censer",SOI,0.0,0,0,4,11/10/2020
1,"Trusty Machete",ZEN,0.0,0,0,4,4/1/2021
6,"Unerring Sling",MIR,0.0,0,0,0,31/1/2021
6,"Universal Solvent",AER,0.0,0,0,0,11/10/2020
1,"Universal Solvent",AER,0.0,0,0,5,11/10/2020
3,"Untethered Express",AER,0.0,0,0,0,11/10/2020
1,"Untethered Express",AER,0.0,1,0,0,11/10/2020
8,"Ur-Golem's Eye",DST,0.0,0,0,0,11/10/2020
3,"Ur-Golem's Eye",DST,0.0,0,0,4,11/10/2020
1,"Urza's Armor",8ED,0.0,0,0,4,28/9/2020
7,"Urza's Bauble",ICE,0.0,0,0,0,28/9/2020
1,"Urza's Engine",ALL,0.0,0,0,0,27/9/2020
2,"Urza's Incubator",UDS,0.0,0,0,0,27/9/2020
1,"Urza's Incubator",UDS,0.0,0,0,1,27/9/2020
2,"Urza's Tome",DOM,0.0,0,0,0,4/10/2020
1,"Urza's Tome",DOM,0.0,0,0,4,4/10/2020
5,"Vault Skirge",NPH,0.0,0,0,0,12/9/2020
1,"Veilstone Amulet",FUT,0.0,0,0,0,27/9/2020
2,"Venser's Journal",SOM,0.0,0,0,0,28/9/2020
1,"Ventifact Bottle",MIR,0.0,0,0,0,31/1/2021
4,"Verdant Automaton",AER,0.0,0,0,0,31/8/2020
2,"Verdant Automaton",AER,0.0,0,0,4,31/8/2020
5,"Veteran's Sidearm",ORI,0.0,0,0,4,11/10/2020
1,"Vexing Arcanix",8ED,0.0,0,0,4,28/9/2020
2,"Vexing Scuttler",EMN,0.0,0,0,0,31/8/2020
1,"Vial of Poison",M14,0.0,0,0,4,28/9/2020
4,"Viridian Longbow",MRD,0.0,0,0,0,11/10/2020
1,"Viridian Longbow",MRD,0.0,0,0,4,11/10/2020
4,"Volrath's Laboratory",STH,0.0,0,0,0,28/9/2020
2,"Voltaic Construct",DST,0.0,0,0,0,31/8/2020
4,"Voltaic Construct",DST,0.0,0,0,4,31/8/2020
1,"Voltaic Key",USG,0.0,0,0,0,4/10/2020
6,"Voltaic Key",USG,0.0,1,0,0,4/10/2020
2,"Voltaic Servant",DOM,0.0,0,0,0,31/8/2020
2,"Voltaic Servant",DOM,0.0,0,0,5,31/8/2020
2,"Voodoo Doll",CHR,0.0,0,0,0,28/9/2020
5,"Vorrac Battlehorns",MRD,0.0,0,0,0,11/10/2020
2,"Vorrac Battlehorns",MRD,0.0,0,0,4,11/10/2020
4,"Vulshok Battlegear",MRD,0.0,0,0,0,4/1/2021
1,"Vulshok Battlegear",MRD,0.0,0,0,4,11/10/2020
11,"Vulshok Gauntlets",MRD,0.0,0,0,0,4/1/2021
4,"Vulshok Gauntlets",MRD,0.0,0,0,4,11/10/2020
4,"Vulshok Morningstar",DST,0.0,0,0,0,11/10/2020
3,"Vulshok Morningstar",DST,0.0,0,0,4,11/10/2020
1,"Walking Wall",ICE,0.0,0,0,0,31/8/2020
2,"Wall of Forgotten Pharaohs",HOU,0.0,0,0,0,31/8/2020
1,"Wall of Forgotten Pharaohs",HOU,0.0,0,0,4,31/8/2020
3,"Wall of Junk",USG,0.0,0,0,0,26/7/2020
1,"Wall of Shields",ICE,0.0,0,0,0,31/8/2020
5,"Wall of Spears",4ED,0.0,0,0,0,31/8/2020
3,"Wall of Spears",4ED,0.0,0,0,4,31/8/2020
1,"Wall of Spears",ATQ,0.0,0,0,4,31/8/2020
2,"Wall of Spears",8ED,0.0,0,0,4,31/8/2020
1,"Wall of Tanglecord",SOM,0.0,0,0,0,31/8/2020
1,"Wand of Denial",VIS,0.0,0,0,3,27/9/2020
1,"Wand of Ith",DRK,0.0,0,0,0,5/10/2020
2,"Wand of Ith",DRK,0.0,0,0,4,5/10/2020
1,"Wand of Vertebrae",GRN,0.0,0,0,0,28/9/2020
1,"War Barge",TSB,0.0,0,0,0,31/1/2021
3,"War Barge",DRK,0.0,0,0,4,5/10/2020
2,"War Chariot",ICE,0.0,0,0,0,4/10/2020
1,"War Chariot",ICE,0.0,0,0,4,4/10/2020
4,"Warden of Geometries",OGW,0.0,0,0,4,1/9/2020
1,"Warlord's Axe",M11,0.0,0,0,4,11/10/2020
1,"Watchdog",TMP,0.0,0,0,0,31/8/2020
1,"Watchers of the Dead",AKH,0.0,0,0,0,26/7/2020
2,"Watchers of the Dead",AKH,0.0,0,0,4,26/7/2020
6,"Watchful Automaton",AER,0.0,0,0,0,31/8/2020
1,"Wayfarer's Bauble",5DN,0.0,0,0,0,11/10/2020
10,"Wayfarer's Bauble",5DN,0.0,1,0,0,11/10/2020
1,"Weatherseed Totem",TSP,0.0,0,0,0,4/10/2020
4,"Welder Automaton",AER,0.0,0,0,0,31/8/2020
1,"Welder Automaton",AER,0.0,0,0,4,31/8/2020
1,"Welder Automaton",AER,0.0,0,0,5,31/8/2020
2,"Well of Knowledge",WTH,0.0,0,0,0,27/9/2020
1,"Well of Knowledge",WTH,0.0,0,0,3,27/9/2020
8,"Well of Life",PCY,0.0,0,0,0,31/1/2021
2,"Well of Lost Dreams",C17,0.0,0,0,4,28/9/2020
4,"Wheel of Torture",ULG,0.0,0,0,0,4/10/2020
4,"Whetstone",USG,0.0,0,0,0,27/9/2020
1,"Whetstone",USG,0.0,1,0,0,27/9/2020
1,"Whirlermaker",KLD,0.0,0,0,4,4/10/2020
3,"Whispersilk Cloak",DST,0.0,0,0,0,11/10/2020
1,"Whispersilk Cloak",DST,0.0,0,0,4,11/10/2020
3,"White Mana Battery",LEG,0.0,0,0,4,28/9/2020
5,"Will-Forged Golem",M15,0.0,0,0,4,1/9/2020
1,"Will-Forged Golem",M15,0.0,0,0,6,1/9/2020
1,"Winter Orb",3ED,0.0,0,0,0,27/9/2020
1,"Winter Orb",3ED,0.0,0,0,3,27/9/2020
2,"Winter Orb",5ED,0.0,0,0,0,27/9/2020
1,"Winter Orb",4ED,0.0,0,0,0,27/9/2020
4,"Winter Orb",4ED,0.0,0,0,3,27/9/2020
1,"Winter Orb",4ED,0.0,0,0,4,27/9/2020
2,"Wirefly Hive",DST,0.0,0,0,4,4/10/2020
3,"Witches' Eye",THS,0.0,0,0,4,11/10/2020
7,"Wizard Replica",MRD,0.0,0,0,0,31/8/2020
1,"Wizard Replica",MRD,0.0,0,0,4,31/8/2020
1,"Wizard Replica",MRD,0.0,0,1,0,31/8/2020
1,"Wooden Sphere",4ED,0.0,0,0,0,28/9/2020
1,"Wooden Sphere",4ED,0.0,0,0,5,28/9/2020
4,"Wooden Sphere",3ED,0.0,0,0,0,31/1/2021
3,"Wooden Sphere",3ED,0.0,1,0,4,28/9/2020
1,"Worldslayer",MRD,0.0,0,0,0,11/10/2020
1,"Worn Powerstone",USG,0.0,0,1,0,4/1/2021
5,"Wretched Gryff",EMN,0.0,0,0,4,1/9/2020
1,"Wurm's Tooth",10E,0.0,0,0,4,4/10/2020
1,"Wurm's Tooth",DST,0.0,0,0,0,4/10/2020
2,"Wurm's Tooth",DST,0.0,0,0,4,4/10/2020
10,"Yotian Soldier",4ED,0.0,0,0,0,31/8/2020
1,"Yotian Soldier",4ED,0.0,1,1,5,31/8/2020
7,"Yotian Soldier",MRD,0.0,0,0,0,31/8/2020
11,"Zuran Orb",ICE,0.0,0,0,0,31/1/2021